season,league,champion,champion_team,championship_score,runner_up,third_place,regular_season_winner,most_points,last_place
2015,Aggtown FFL,ramzz,Charizarkandrick,136.88 - 117.64,Odeh1121,anth0nyng,ramzz,ramzz,bvincenttt
2016,Aggtown FFL,lmphm,Vegas,131.76 - 111.98,keveezy,bvincenttt,lmphm,ramzz,kholabear
2017,Aggtown FFL,DVTV,The Spearmint Rhinos,101.26 - 100.68,ramzz,anth0nyng,ramzz,anth0nyng,donblood
2018,Aggtown FFL,kholabear,God Zuerline,142.18 - 129.06,jimbo817,wabaki (Lan Doan),kholabear,kholabear,oooEcho
2019,Aggtown FFL,DVTV,GOD TIER,94.68 - 89.06,ramzz,keveezy,anth0nyng,jimbo817,Odeh1121
2020,Aggtown FFL,keveezy,Boom or Bust,161.38 - 144.34,jimbo817,DVTV,PutItOnYa,ramzz,oooEcho
2021,Aggtown FFL,donblood,We’re Allen This Together,134.4 - 124.58,PutItOnYa,kholabear,PutItOnYa,PutItOnYa,oooEcho
2022,Aggtown FFL,wabaki (Lan Doan),KissMahomies,109.18 - 78.16,bvincenttt,kholabear,lmphm,lmphm,anth0nyng
2023,AGGTOWN FANTASY LEAGUE,anth0nyng,am i cursed? ,107.36 - 104.08,donblood,lmphm,anth0nyng,keveezy,keveezy
2024,AGGTOWN FANTASY LEAGUE,bvincenttt,Shake 'n Blake ,110.44 - 98.36,lmphm,PutItOnYa,PutItOnYa,PutItOnYa,Odeh1121
2025,AGGTOWN FANTASY LEAGUE,keveezy,We bleed blue,114.76 - 81.98,Odeh1121,jimbo817,Odeh1121,keveezy,donblood
