season,manager,team,final_rank,playoff_seed,made_playoffs,regular_season_record,playoff_record,consolation_record,total_record,total_wins,total_losses,total_ties,regular_wins,regular_losses,regular_ties,playoff_wins,playoff_losses,points_for,points_against
2017,Daniel Vu,The Spearmint Rhinos,1,7,True,6-7,3-0,0-0,9-7,9,7,0,6,7,0,3,0,1498.72,1583.32
2017,Ramzi,Leonard's booty gang,2,1,True,9-4,2-1,0-0,11-5,11,5,0,9,4,0,2,1,1601.48,1410.8
2017,Anthony,Prince of Plano,3,5,True,7-6,2-1,0-0,9-7,9,7,0,7,6,0,2,1,1620.34,1553.02
2017,Ahmad,Jerk Goff,4,3,True,9-4,1-2,0-0,10-6,10,6,0,9,4,0,1,2,1442.18,1245.34
2017,Cody,oOo Cody,5,6,True,6-7,2-1,0-0,8-8,8,8,0,6,7,0,2,1,1518.66,1614.02
2017,Khoa,Lavar Ballers,6,4,True,8-5,1-2,0-0,9-7,9,7,0,8,5,0,1,2,1604.14,1485.3
2017,mrlampham,Vegas,7,8,True,6-7,1-2,0-0,7-9,7,9,0,6,7,0,1,2,1405.5,1396.18
2017,Muso (Lan Doan),Wabaki 88,8,2,True,9-4,0-3,0-0,9-7,9,7,0,9,4,0,0,3,1589.64,1441.68
2017,Blake,Shake n Blake,9,,False,5-8,0-0,0-0,5-8,5,8,0,5,8,0,0,0,1508.2,1639.18
2017,Jimmy,Dak & Yak,10,,False,5-8,0-0,0-0,5-8,5,8,0,5,8,0,0,0,1382.02,1436.64
2017,Kevin D,The end is near.,11,,False,4-9,0-0,0-0,4-9,4,9,0,4,9,0,0,0,1376.82,1629.84
2017,Don,The Dakstreet Boys,12,,False,4-9,0-0,0-0,4-9,4,9,0,4,9,0,0,0,1286.5,1398.88
