team_id,team,manager,final_rank,playoff_seed,wins,losses,ties,points_for,points_against
3,Sports Betting,Alex,1,2,9,5,0,1662.72,1571.04
8,lmphm,mrlampham,2,1,10,4,0,1786.88,1575.36
1,Ra-Dogged,Kevin D,3,5,7,7,0,1667.9,1740.18
2,Waddleburger Pattymelt,Don,4,6,6,8,0,1700.0,1824.96
5,Dex,Dexter,5,3,8,6,0,1860.58,1747.38
4,y c k y,Tommy,6,4,7,7,0,1760.2,1716.74
9,Felon,Jason,7,8,6,8,0,1629.14,1676.2
6,Jiggly,Justin,8,7,6,8,0,1646.38,1662.72
7,🏆 Champion Jelly 🏆,Anthony,9,10,5,9,0,1646.46,1739.02
10,Drier than a Popeyes biscuit,An,10,9,6,8,0,1569.86,1676.52
