manager,seasons,championships,championship_seasons,runner_ups,playoff_appearances,total_record,win_pct,regular_season_record,playoff_record,points_for,points_against
bvincenttt,3,1,2024,0,3,32-17,0.653,27-15,5-2,4861.52,4827.92
keveezy,3,1,2025,0,2,28-18,0.609,25-17,3-1,5284.02,4901.72
anth0nyng,3,1,2023,0,3,28-21,0.571,25-17,3-4,5221.12,4892.96
Odeh1121,3,0,,1,2,29-17,0.63,28-14,1-3,4998.87,4660.54
PutItOnYa,3,0,,0,3,28-20,0.583,27-15,1-5,5113.66,4765.7
oooEcho,3,0,,0,0,21-21,0.5,21-21,0-0,4805.92,4730.36
lmphm,3,0,,1,2,23-25,0.479,19-23,4-2,4762.16,4954.76
DVTV,3,0,,0,1,20-24,0.455,20-22,0-2,4980.62,4834.68
donblood,3,0,,1,1,20-25,0.444,18-24,2-1,4937.74,5040.78
jimbo817,3,0,,0,1,18-27,0.4,16-26,2-1,4788.05,5170.84
kholabear,3,0,,0,0,15-27,0.357,15-27,0-0,4724.68,5029.96
bAnmly (Bryan),1,0,,0,0,5-9,0.357,5-9,0-0,1422.5,1680.34
ramzz,1,0,,0,0,4-10,0.286,4-10,0-0,1583.08,1740.4
wabaki (Lan Doan),1,0,,0,0,2-12,0.143,2-12,0-0,1486.64,1739.64
