season,week,is_playoffs,is_consolation,manager,team,points,opponent_manager,opponent_team,opponent_points,result
2019,1,False,False,keveezy,Champ is here,107.16,PutItOnYa,TheYayThatGotAway,166.4,L
2019,1,False,False,PutItOnYa,TheYayThatGotAway,166.4,keveezy,Champ is here,107.16,W
2019,1,False,False,lmphm,Houston drivers,131.94,jasonle,Is This Chris Lake?,130.52,W
2019,1,False,False,jasonle,Is This Chris Lake?,130.52,lmphm,Houston drivers,131.94,L
2019,1,False,False,jigri,Jigs,90.92,donblood,Poopoo Philly Co. 🌯,121.32,L
2019,1,False,False,donblood,Poopoo Philly Co. 🌯,121.32,jigri,Jigs,90.92,W
2019,1,False,False,anth0nyng,Princess Jelly,113.4,yckyb,HOUSE YCK,117.04,L
2019,1,False,False,yckyb,HOUSE YCK,117.04,anth0nyng,Princess Jelly,113.4,W
2019,1,False,False,dexclusive,FREE WIN,130.6,Abadahh,Wtf am I doing here,157.62,L
2019,1,False,False,Abadahh,Wtf am I doing here,157.62,dexclusive,FREE WIN,130.6,W
2019,2,False,False,keveezy,Champ is here,144.42,lmphm,Houston drivers,100.82,W
2019,2,False,False,lmphm,Houston drivers,100.82,keveezy,Champ is here,144.42,L
2019,2,False,False,PutItOnYa,TheYayThatGotAway,77.12,Abadahh,Wtf am I doing here,133.04,L
2019,2,False,False,Abadahh,Wtf am I doing here,133.04,PutItOnYa,TheYayThatGotAway,77.12,W
2019,2,False,False,jigri,Jigs,141.16,jasonle,Is This Chris Lake?,109.56,W
2019,2,False,False,jasonle,Is This Chris Lake?,109.56,jigri,Jigs,141.16,L
2019,2,False,False,anth0nyng,Princess Jelly,149.3,donblood,Poopoo Philly Co. 🌯,102.92,W
2019,2,False,False,donblood,Poopoo Philly Co. 🌯,102.92,anth0nyng,Princess Jelly,149.3,L
2019,2,False,False,dexclusive,FREE WIN,123.86,yckyb,HOUSE YCK,137.7,L
2019,2,False,False,yckyb,HOUSE YCK,137.7,dexclusive,FREE WIN,123.86,W
2019,3,False,False,keveezy,Champ is here,137.82,jigri,Jigs,121.48,W
2019,3,False,False,jigri,Jigs,121.48,keveezy,Champ is here,137.82,L
2019,3,False,False,PutItOnYa,TheYayThatGotAway,160.02,lmphm,Houston drivers,79.22,W
2019,3,False,False,lmphm,Houston drivers,79.22,PutItOnYa,TheYayThatGotAway,160.02,L
2019,3,False,False,anth0nyng,Princess Jelly,118.24,jasonle,Is This Chris Lake?,137.5,L
2019,3,False,False,jasonle,Is This Chris Lake?,137.5,anth0nyng,Princess Jelly,118.24,W
2019,3,False,False,dexclusive,FREE WIN,123.14,donblood,Poopoo Philly Co. 🌯,134.26,L
2019,3,False,False,donblood,Poopoo Philly Co. 🌯,134.26,dexclusive,FREE WIN,123.14,W
2019,3,False,False,yckyb,HOUSE YCK,143.86,Abadahh,Wtf am I doing here,143.72,W
2019,3,False,False,Abadahh,Wtf am I doing here,143.72,yckyb,HOUSE YCK,143.86,L
2019,4,False,False,keveezy,Champ is here,160.8,anth0nyng,Princess Jelly,123.9,W
2019,4,False,False,anth0nyng,Princess Jelly,123.9,keveezy,Champ is here,160.8,L
2019,4,False,False,PutItOnYa,TheYayThatGotAway,93.72,jigri,Jigs,104.08,L
2019,4,False,False,jigri,Jigs,104.08,PutItOnYa,TheYayThatGotAway,93.72,W
2019,4,False,False,lmphm,Houston drivers,114.94,Abadahh,Wtf am I doing here,100.2,W
2019,4,False,False,Abadahh,Wtf am I doing here,100.2,lmphm,Houston drivers,114.94,L
2019,4,False,False,dexclusive,FREE WIN,106.92,jasonle,Is This Chris Lake?,115.48,L
2019,4,False,False,jasonle,Is This Chris Lake?,115.48,dexclusive,FREE WIN,106.92,W
2019,4,False,False,yckyb,HOUSE YCK,140.28,donblood,Poopoo Philly Co. 🌯,80.8,W
2019,4,False,False,donblood,Poopoo Philly Co. 🌯,80.8,yckyb,HOUSE YCK,140.28,L
2019,5,False,False,keveezy,Champ is here,156.14,dexclusive,FREE WIN,159.02,L
2019,5,False,False,dexclusive,FREE WIN,159.02,keveezy,Champ is here,156.14,W
2019,5,False,False,PutItOnYa,TheYayThatGotAway,138.3,anth0nyng,Princess Jelly,106.62,W
2019,5,False,False,anth0nyng,Princess Jelly,106.62,PutItOnYa,TheYayThatGotAway,138.3,L
2019,5,False,False,lmphm,Houston drivers,100.4,jigri,Jigs,74.94,W
2019,5,False,False,jigri,Jigs,74.94,lmphm,Houston drivers,100.4,L
2019,5,False,False,yckyb,HOUSE YCK,141.9,jasonle,Is This Chris Lake?,170.16,L
2019,5,False,False,jasonle,Is This Chris Lake?,170.16,yckyb,HOUSE YCK,141.9,W
2019,5,False,False,donblood,Poopoo Philly Co. 🌯,113.14,Abadahh,Wtf am I doing here,147.06,L
2019,5,False,False,Abadahh,Wtf am I doing here,147.06,donblood,Poopoo Philly Co. 🌯,113.14,W
2019,6,False,False,keveezy,Champ is here,125.3,yckyb,HOUSE YCK,134.14,L
2019,6,False,False,yckyb,HOUSE YCK,134.14,keveezy,Champ is here,125.3,W
2019,6,False,False,PutItOnYa,TheYayThatGotAway,73.02,dexclusive,FREE WIN,160.62,L
2019,6,False,False,dexclusive,FREE WIN,160.62,PutItOnYa,TheYayThatGotAway,73.02,W
2019,6,False,False,lmphm,Houston drivers,83.72,anth0nyng,Princess Jelly,173.9,L
2019,6,False,False,anth0nyng,Princess Jelly,173.9,lmphm,Houston drivers,83.72,W
2019,6,False,False,jigri,Jigs,110.84,Abadahh,Wtf am I doing here,81.44,W
2019,6,False,False,Abadahh,Wtf am I doing here,81.44,jigri,Jigs,110.84,L
2019,6,False,False,donblood,Poopoo Philly Co. 🌯,114.02,jasonle,Is This Chris Lake?,116.0,L
2019,6,False,False,jasonle,Is This Chris Lake?,116.0,donblood,Poopoo Philly Co. 🌯,114.02,W
2019,7,False,False,keveezy,Champ is here,141.66,donblood,Poopoo Philly Co. 🌯,95.84,W
2019,7,False,False,donblood,Poopoo Philly Co. 🌯,95.84,keveezy,Champ is here,141.66,L
2019,7,False,False,PutItOnYa,TheYayThatGotAway,97.68,yckyb,HOUSE YCK,90.66,W
2019,7,False,False,yckyb,HOUSE YCK,90.66,PutItOnYa,TheYayThatGotAway,97.68,L
2019,7,False,False,lmphm,Houston drivers,118.42,dexclusive,FREE WIN,90.66,W
2019,7,False,False,dexclusive,FREE WIN,90.66,lmphm,Houston drivers,118.42,L
2019,7,False,False,jigri,Jigs,112.32,anth0nyng,Princess Jelly,89.34,W
2019,7,False,False,anth0nyng,Princess Jelly,89.34,jigri,Jigs,112.32,L
2019,7,False,False,jasonle,Is This Chris Lake?,76.86,Abadahh,Wtf am I doing here,121.04,L
2019,7,False,False,Abadahh,Wtf am I doing here,121.04,jasonle,Is This Chris Lake?,76.86,W
2019,8,False,False,keveezy,Champ is here,133.94,jasonle,Is This Chris Lake?,129.3,W
2019,8,False,False,jasonle,Is This Chris Lake?,129.3,keveezy,Champ is here,133.94,L
2019,8,False,False,PutItOnYa,TheYayThatGotAway,124.36,donblood,Poopoo Philly Co. 🌯,135.26,L
2019,8,False,False,donblood,Poopoo Philly Co. 🌯,135.26,PutItOnYa,TheYayThatGotAway,124.36,W
2019,8,False,False,lmphm,Houston drivers,106.98,yckyb,HOUSE YCK,114.94,L
2019,8,False,False,yckyb,HOUSE YCK,114.94,lmphm,Houston drivers,106.98,W
2019,8,False,False,jigri,Jigs,177.46,dexclusive,FREE WIN,101.8,W
2019,8,False,False,dexclusive,FREE WIN,101.8,jigri,Jigs,177.46,L
2019,8,False,False,anth0nyng,Princess Jelly,145.08,Abadahh,Wtf am I doing here,134.88,W
2019,8,False,False,Abadahh,Wtf am I doing here,134.88,anth0nyng,Princess Jelly,145.08,L
2019,9,False,False,keveezy,Champ is here,91.26,Abadahh,Wtf am I doing here,78.96,W
2019,9,False,False,Abadahh,Wtf am I doing here,78.96,keveezy,Champ is here,91.26,L
2019,9,False,False,PutItOnYa,TheYayThatGotAway,108.0,jasonle,Is This Chris Lake?,98.84,W
2019,9,False,False,jasonle,Is This Chris Lake?,98.84,PutItOnYa,TheYayThatGotAway,108.0,L
2019,9,False,False,lmphm,Houston drivers,124.14,donblood,Poopoo Philly Co. 🌯,149.7,L
2019,9,False,False,donblood,Poopoo Philly Co. 🌯,149.7,lmphm,Houston drivers,124.14,W
2019,9,False,False,jigri,Jigs,138.84,yckyb,HOUSE YCK,129.4,W
2019,9,False,False,yckyb,HOUSE YCK,129.4,jigri,Jigs,138.84,L
2019,9,False,False,anth0nyng,Princess Jelly,138.52,dexclusive,FREE WIN,110.98,W
2019,9,False,False,dexclusive,FREE WIN,110.98,anth0nyng,Princess Jelly,138.52,L
2019,10,False,False,keveezy,Champ is here,104.28,PutItOnYa,TheYayThatGotAway,103.48,W
2019,10,False,False,PutItOnYa,TheYayThatGotAway,103.48,keveezy,Champ is here,104.28,L
2019,10,False,False,lmphm,Houston drivers,100.5,jasonle,Is This Chris Lake?,152.76,L
2019,10,False,False,jasonle,Is This Chris Lake?,152.76,lmphm,Houston drivers,100.5,W
2019,10,False,False,jigri,Jigs,128.72,donblood,Poopoo Philly Co. 🌯,142.64,L
2019,10,False,False,donblood,Poopoo Philly Co. 🌯,142.64,jigri,Jigs,128.72,W
2019,10,False,False,anth0nyng,Princess Jelly,112.38,yckyb,HOUSE YCK,124.32,L
2019,10,False,False,yckyb,HOUSE YCK,124.32,anth0nyng,Princess Jelly,112.38,W
2019,10,False,False,dexclusive,FREE WIN,99.88,Abadahh,Wtf am I doing here,145.38,L
2019,10,False,False,Abadahh,Wtf am I doing here,145.38,dexclusive,FREE WIN,99.88,W
2019,11,False,False,keveezy,Champ is here,127.52,lmphm,Houston drivers,116.16,W
2019,11,False,False,lmphm,Houston drivers,116.16,keveezy,Champ is here,127.52,L
2019,11,False,False,PutItOnYa,TheYayThatGotAway,133.52,Abadahh,Wtf am I doing here,94.68,W
2019,11,False,False,Abadahh,Wtf am I doing here,94.68,PutItOnYa,TheYayThatGotAway,133.52,L
2019,11,False,False,jigri,Jigs,113.9,jasonle,Is This Chris Lake?,141.1,L
2019,11,False,False,jasonle,Is This Chris Lake?,141.1,jigri,Jigs,113.9,W
2019,11,False,False,anth0nyng,Princess Jelly,117.86,donblood,Poopoo Philly Co. 🌯,81.88,W
2019,11,False,False,donblood,Poopoo Philly Co. 🌯,81.88,anth0nyng,Princess Jelly,117.86,L
2019,11,False,False,dexclusive,FREE WIN,100.56,yckyb,HOUSE YCK,133.22,L
2019,11,False,False,yckyb,HOUSE YCK,133.22,dexclusive,FREE WIN,100.56,W
2019,12,False,False,keveezy,Champ is here,155.68,jigri,Jigs,102.26,W
2019,12,False,False,jigri,Jigs,102.26,keveezy,Champ is here,155.68,L
2019,12,False,False,PutItOnYa,TheYayThatGotAway,135.84,lmphm,Houston drivers,108.62,W
2019,12,False,False,lmphm,Houston drivers,108.62,PutItOnYa,TheYayThatGotAway,135.84,L
2019,12,False,False,anth0nyng,Princess Jelly,110.7,jasonle,Is This Chris Lake?,121.66,L
2019,12,False,False,jasonle,Is This Chris Lake?,121.66,anth0nyng,Princess Jelly,110.7,W
2019,12,False,False,dexclusive,FREE WIN,93.18,donblood,Poopoo Philly Co. 🌯,60.5,W
2019,12,False,False,donblood,Poopoo Philly Co. 🌯,60.5,dexclusive,FREE WIN,93.18,L
2019,12,False,False,yckyb,HOUSE YCK,148.02,Abadahh,Wtf am I doing here,127.84,W
2019,12,False,False,Abadahh,Wtf am I doing here,127.84,yckyb,HOUSE YCK,148.02,L
2019,13,False,False,keveezy,Champ is here,110.24,anth0nyng,Princess Jelly,120.9,L
2019,13,False,False,anth0nyng,Princess Jelly,120.9,keveezy,Champ is here,110.24,W
2019,13,False,False,PutItOnYa,TheYayThatGotAway,108.46,jigri,Jigs,101.1,W
2019,13,False,False,jigri,Jigs,101.1,PutItOnYa,TheYayThatGotAway,108.46,L
2019,13,False,False,lmphm,Houston drivers,130.2,Abadahh,Wtf am I doing here,102.76,W
2019,13,False,False,Abadahh,Wtf am I doing here,102.76,lmphm,Houston drivers,130.2,L
2019,13,False,False,dexclusive,FREE WIN,106.9,jasonle,Is This Chris Lake?,117.22,L
2019,13,False,False,jasonle,Is This Chris Lake?,117.22,dexclusive,FREE WIN,106.9,W
2019,13,False,False,yckyb,HOUSE YCK,110.22,donblood,Poopoo Philly Co. 🌯,98.1,W
2019,13,False,False,donblood,Poopoo Philly Co. 🌯,98.1,yckyb,HOUSE YCK,110.22,L
2019,14,True,False,PutItOnYa,TheYayThatGotAway,141.96,anth0nyng,Princess Jelly,98.0,W
2019,14,True,False,anth0nyng,Princess Jelly,98.0,PutItOnYa,TheYayThatGotAway,141.96,L
2019,14,True,False,jigri,Jigs,105.1,jasonle,Is This Chris Lake?,114.3,L
2019,14,True,False,jasonle,Is This Chris Lake?,114.3,jigri,Jigs,105.1,W
2019,15,True,False,keveezy,Champ is here,167.28,jasonle,Is This Chris Lake?,147.36,W
2019,15,True,False,jasonle,Is This Chris Lake?,147.36,keveezy,Champ is here,167.28,L
2019,15,True,False,PutItOnYa,TheYayThatGotAway,135.98,yckyb,HOUSE YCK,146.32,L
2019,15,True,False,yckyb,HOUSE YCK,146.32,PutItOnYa,TheYayThatGotAway,135.98,W
2019,15,True,True,lmphm,Houston drivers,80.06,donblood,Poopoo Philly Co. 🌯,135.2,L
2019,15,True,True,donblood,Poopoo Philly Co. 🌯,135.2,lmphm,Houston drivers,80.06,W
2019,15,True,False,jigri,Jigs,123.58,anth0nyng,Princess Jelly,133.64,L
2019,15,True,False,anth0nyng,Princess Jelly,133.64,jigri,Jigs,123.58,W
2019,15,True,True,dexclusive,FREE WIN,109.78,Abadahh,Wtf am I doing here,119.36,L
2019,15,True,True,Abadahh,Wtf am I doing here,119.36,dexclusive,FREE WIN,109.78,W
2019,16,True,False,keveezy,Champ is here,138.36,yckyb,HOUSE YCK,106.7,W
2019,16,True,False,yckyb,HOUSE YCK,106.7,keveezy,Champ is here,138.36,L
2019,16,True,False,PutItOnYa,TheYayThatGotAway,110.66,jasonle,Is This Chris Lake?,134.82,L
2019,16,True,False,jasonle,Is This Chris Lake?,134.82,PutItOnYa,TheYayThatGotAway,110.66,W
2019,16,True,True,lmphm,Houston drivers,96.42,dexclusive,FREE WIN,81.4,W
2019,16,True,True,dexclusive,FREE WIN,81.4,lmphm,Houston drivers,96.42,L
2019,16,True,True,donblood,Poopoo Philly Co. 🌯,134.24,Abadahh,Wtf am I doing here,115.38,W
2019,16,True,True,Abadahh,Wtf am I doing here,115.38,donblood,Poopoo Philly Co. 🌯,134.24,L
2020,1,False,False,keveezy,Champs to chumps,143.7,PutItOnYa,Dry Szn,118.42,W
2020,1,False,False,PutItOnYa,Dry Szn,118.42,keveezy,Champs to chumps,143.7,L
2020,1,False,False,dexclusive,FREE WIN,129.68,jigri,Jigs,139.0,L
2020,1,False,False,jigri,Jigs,139.0,dexclusive,FREE WIN,129.68,W
2020,1,False,False,yckyb,DYNAHMIGHHHH,107.66,lmphm,simp.,145.34,L
2020,1,False,False,lmphm,simp.,145.34,yckyb,DYNAHMIGHHHH,107.66,W
2020,1,False,False,jasonle,This was Chris Lake,85.68,donblood,CeeDeez Nutz,152.24,L
2020,1,False,False,donblood,CeeDeez Nutz,152.24,jasonle,This was Chris Lake,85.68,W
2020,1,False,False,anth0nyng,Princess Jelly,129.58,Abadahh,Wtf am I doing here,152.5,L
2020,1,False,False,Abadahh,Wtf am I doing here,152.5,anth0nyng,Princess Jelly,129.58,W
2020,2,False,False,keveezy,Champs to chumps,132.28,jigri,Jigs,153.86,L
2020,2,False,False,jigri,Jigs,153.86,keveezy,Champs to chumps,132.28,W
2020,2,False,False,dexclusive,FREE WIN,154.22,yckyb,DYNAHMIGHHHH,129.54,W
2020,2,False,False,yckyb,DYNAHMIGHHHH,129.54,dexclusive,FREE WIN,154.22,L
2020,2,False,False,lmphm,simp.,134.58,anth0nyng,Princess Jelly,154.74,L
2020,2,False,False,anth0nyng,Princess Jelly,154.74,lmphm,simp.,134.58,W
2020,2,False,False,jasonle,This was Chris Lake,120.06,Abadahh,Wtf am I doing here,125.62,L
2020,2,False,False,Abadahh,Wtf am I doing here,125.62,jasonle,This was Chris Lake,120.06,W
2020,2,False,False,donblood,CeeDeez Nutz,181.0,PutItOnYa,Dry Szn,102.0,W
2020,2,False,False,PutItOnYa,Dry Szn,102.0,donblood,CeeDeez Nutz,181.0,L
2020,3,False,False,keveezy,Champs to chumps,131.32,donblood,CeeDeez Nutz,140.98,L
2020,3,False,False,donblood,CeeDeez Nutz,140.98,keveezy,Champs to chumps,131.32,W
2020,3,False,False,dexclusive,FREE WIN,140.5,anth0nyng,Princess Jelly,143.4,L
2020,3,False,False,anth0nyng,Princess Jelly,143.4,dexclusive,FREE WIN,140.5,W
2020,3,False,False,yckyb,DYNAHMIGHHHH,161.64,jigri,Jigs,90.08,W
2020,3,False,False,jigri,Jigs,90.08,yckyb,DYNAHMIGHHHH,161.64,L
2020,3,False,False,lmphm,simp.,153.8,jasonle,This was Chris Lake,144.8,W
2020,3,False,False,jasonle,This was Chris Lake,144.8,lmphm,simp.,153.8,L
2020,3,False,False,PutItOnYa,Dry Szn,142.96,Abadahh,Wtf am I doing here,106.52,W
2020,3,False,False,Abadahh,Wtf am I doing here,106.52,PutItOnYa,Dry Szn,142.96,L
2020,4,False,False,keveezy,Champs to chumps,99.74,yckyb,DYNAHMIGHHHH,155.7,L
2020,4,False,False,yckyb,DYNAHMIGHHHH,155.7,keveezy,Champs to chumps,99.74,W
2020,4,False,False,dexclusive,FREE WIN,102.5,jasonle,This was Chris Lake,162.34,L
2020,4,False,False,jasonle,This was Chris Lake,162.34,dexclusive,FREE WIN,102.5,W
2020,4,False,False,lmphm,simp.,119.7,PutItOnYa,Dry Szn,116.8,W
2020,4,False,False,PutItOnYa,Dry Szn,116.8,lmphm,simp.,119.7,L
2020,4,False,False,jigri,Jigs,130.52,anth0nyng,Princess Jelly,94.52,W
2020,4,False,False,anth0nyng,Princess Jelly,94.52,jigri,Jigs,130.52,L
2020,4,False,False,donblood,CeeDeez Nutz,165.18,Abadahh,Wtf am I doing here,117.1,W
2020,4,False,False,Abadahh,Wtf am I doing here,117.1,donblood,CeeDeez Nutz,165.18,L
2020,5,False,False,keveezy,Champs to chumps,103.8,Abadahh,Wtf am I doing here,91.54,W
2020,5,False,False,Abadahh,Wtf am I doing here,91.54,keveezy,Champs to chumps,103.8,L
2020,5,False,False,dexclusive,FREE WIN,118.5,PutItOnYa,Dry Szn,109.56,W
2020,5,False,False,PutItOnYa,Dry Szn,109.56,dexclusive,FREE WIN,118.5,L
2020,5,False,False,yckyb,DYNAHMIGHHHH,131.96,anth0nyng,Princess Jelly,148.6,L
2020,5,False,False,anth0nyng,Princess Jelly,148.6,yckyb,DYNAHMIGHHHH,131.96,W
2020,5,False,False,lmphm,simp.,172.6,donblood,CeeDeez Nutz,133.24,W
2020,5,False,False,donblood,CeeDeez Nutz,133.24,lmphm,simp.,172.6,L
2020,5,False,False,jasonle,This was Chris Lake,122.46,jigri,Jigs,120.6,W
2020,5,False,False,jigri,Jigs,120.6,jasonle,This was Chris Lake,122.46,L
2020,6,False,False,keveezy,Champs to chumps,129.44,anth0nyng,Princess Jelly,123.72,W
2020,6,False,False,anth0nyng,Princess Jelly,123.72,keveezy,Champs to chumps,129.44,L
2020,6,False,False,dexclusive,FREE WIN,109.22,donblood,CeeDeez Nutz,114.06,L
2020,6,False,False,donblood,CeeDeez Nutz,114.06,dexclusive,FREE WIN,109.22,W
2020,6,False,False,yckyb,DYNAHMIGHHHH,84.44,jasonle,This was Chris Lake,78.52,W
2020,6,False,False,jasonle,This was Chris Lake,78.52,yckyb,DYNAHMIGHHHH,84.44,L
2020,6,False,False,lmphm,simp.,128.8,Abadahh,Wtf am I doing here,120.64,W
2020,6,False,False,Abadahh,Wtf am I doing here,120.64,lmphm,simp.,128.8,L
2020,6,False,False,jigri,Jigs,163.74,PutItOnYa,Dry Szn,126.5,W
2020,6,False,False,PutItOnYa,Dry Szn,126.5,jigri,Jigs,163.74,L
2020,7,False,False,keveezy,Champs to chumps,168.96,lmphm,simp.,121.5,W
2020,7,False,False,lmphm,simp.,121.5,keveezy,Champs to chumps,168.96,L
2020,7,False,False,dexclusive,FREE WIN,154.02,Abadahh,Wtf am I doing here,121.02,W
2020,7,False,False,Abadahh,Wtf am I doing here,121.02,dexclusive,FREE WIN,154.02,L
2020,7,False,False,yckyb,DYNAHMIGHHHH,128.52,PutItOnYa,Dry Szn,159.5,L
2020,7,False,False,PutItOnYa,Dry Szn,159.5,yckyb,DYNAHMIGHHHH,128.52,W
2020,7,False,False,jasonle,This was Chris Lake,120.58,anth0nyng,Princess Jelly,121.9,L
2020,7,False,False,anth0nyng,Princess Jelly,121.9,jasonle,This was Chris Lake,120.58,W
2020,7,False,False,jigri,Jigs,181.34,donblood,CeeDeez Nutz,98.1,W
2020,7,False,False,donblood,CeeDeez Nutz,98.1,jigri,Jigs,181.34,L
2020,8,False,False,keveezy,Champs to chumps,114.86,jasonle,This was Chris Lake,100.82,W
2020,8,False,False,jasonle,This was Chris Lake,100.82,keveezy,Champs to chumps,114.86,L
2020,8,False,False,dexclusive,FREE WIN,131.94,lmphm,simp.,154.34,L
2020,8,False,False,lmphm,simp.,154.34,dexclusive,FREE WIN,131.94,W
2020,8,False,False,yckyb,DYNAHMIGHHHH,73.18,donblood,CeeDeez Nutz,132.82,L
2020,8,False,False,donblood,CeeDeez Nutz,132.82,yckyb,DYNAHMIGHHHH,73.18,W
2020,8,False,False,jigri,Jigs,131.22,Abadahh,Wtf am I doing here,85.62,W
2020,8,False,False,Abadahh,Wtf am I doing here,85.62,jigri,Jigs,131.22,L
2020,8,False,False,anth0nyng,Princess Jelly,119.44,PutItOnYa,Dry Szn,92.64,W
2020,8,False,False,PutItOnYa,Dry Szn,92.64,anth0nyng,Princess Jelly,119.44,L
2020,9,False,False,keveezy,Champs to chumps,93.46,dexclusive,FREE WIN,113.5,L
2020,9,False,False,dexclusive,FREE WIN,113.5,keveezy,Champs to chumps,93.46,W
2020,9,False,False,yckyb,DYNAHMIGHHHH,155.94,Abadahh,Wtf am I doing here,97.26,W
2020,9,False,False,Abadahh,Wtf am I doing here,97.26,yckyb,DYNAHMIGHHHH,155.94,L
2020,9,False,False,lmphm,simp.,140.28,jigri,Jigs,128.5,W
2020,9,False,False,jigri,Jigs,128.5,lmphm,simp.,140.28,L
2020,9,False,False,jasonle,This was Chris Lake,91.44,PutItOnYa,Dry Szn,115.74,L
2020,9,False,False,PutItOnYa,Dry Szn,115.74,jasonle,This was Chris Lake,91.44,W
2020,9,False,False,donblood,CeeDeez Nutz,141.82,anth0nyng,Princess Jelly,88.6,W
2020,9,False,False,anth0nyng,Princess Jelly,88.6,donblood,CeeDeez Nutz,141.82,L
2020,10,False,False,keveezy,Champs to chumps,108.34,PutItOnYa,Dry Szn,99.52,W
2020,10,False,False,PutItOnYa,Dry Szn,99.52,keveezy,Champs to chumps,108.34,L
2020,10,False,False,dexclusive,FREE WIN,73.32,jigri,Jigs,104.56,L
2020,10,False,False,jigri,Jigs,104.56,dexclusive,FREE WIN,73.32,W
2020,10,False,False,yckyb,DYNAHMIGHHHH,99.34,lmphm,simp.,60.78,W
2020,10,False,False,lmphm,simp.,60.78,yckyb,DYNAHMIGHHHH,99.34,L
2020,10,False,False,jasonle,This was Chris Lake,126.58,donblood,CeeDeez Nutz,126.18,W
2020,10,False,False,donblood,CeeDeez Nutz,126.18,jasonle,This was Chris Lake,126.58,L
2020,10,False,False,anth0nyng,Princess Jelly,114.2,Abadahh,Wtf am I doing here,99.52,W
2020,10,False,False,Abadahh,Wtf am I doing here,99.52,anth0nyng,Princess Jelly,114.2,L
2020,11,False,False,keveezy,Champs to chumps,87.04,jigri,Jigs,128.94,L
2020,11,False,False,jigri,Jigs,128.94,keveezy,Champs to chumps,87.04,W
2020,11,False,False,dexclusive,FREE WIN,130.78,yckyb,DYNAHMIGHHHH,123.88,W
2020,11,False,False,yckyb,DYNAHMIGHHHH,123.88,dexclusive,FREE WIN,130.78,L
2020,11,False,False,lmphm,simp.,130.68,anth0nyng,Princess Jelly,139.46,L
2020,11,False,False,anth0nyng,Princess Jelly,139.46,lmphm,simp.,130.68,W
2020,11,False,False,jasonle,This was Chris Lake,126.44,Abadahh,Wtf am I doing here,132.78,L
2020,11,False,False,Abadahh,Wtf am I doing here,132.78,jasonle,This was Chris Lake,126.44,W
2020,11,False,False,donblood,CeeDeez Nutz,110.56,PutItOnYa,Dry Szn,148.36,L
2020,11,False,False,PutItOnYa,Dry Szn,148.36,donblood,CeeDeez Nutz,110.56,W
2020,12,False,False,keveezy,Champs to chumps,91.9,donblood,CeeDeez Nutz,102.22,L
2020,12,False,False,donblood,CeeDeez Nutz,102.22,keveezy,Champs to chumps,91.9,W
2020,12,False,False,dexclusive,FREE WIN,143.4,anth0nyng,Princess Jelly,110.6,W
2020,12,False,False,anth0nyng,Princess Jelly,110.6,dexclusive,FREE WIN,143.4,L
2020,12,False,False,yckyb,DYNAHMIGHHHH,123.44,jigri,Jigs,148.78,L
2020,12,False,False,jigri,Jigs,148.78,yckyb,DYNAHMIGHHHH,123.44,W
2020,12,False,False,lmphm,simp.,161.18,jasonle,This was Chris Lake,153.74,W
2020,12,False,False,jasonle,This was Chris Lake,153.74,lmphm,simp.,161.18,L
2020,12,False,False,PutItOnYa,Dry Szn,112.52,Abadahh,Wtf am I doing here,110.4,W
2020,12,False,False,Abadahh,Wtf am I doing here,110.4,PutItOnYa,Dry Szn,112.52,L
2020,13,False,False,keveezy,Champs to chumps,149.9,yckyb,DYNAHMIGHHHH,151.3,L
2020,13,False,False,yckyb,DYNAHMIGHHHH,151.3,keveezy,Champs to chumps,149.9,W
2020,13,False,False,dexclusive,FREE WIN,124.62,jasonle,This was Chris Lake,100.76,W
2020,13,False,False,jasonle,This was Chris Lake,100.76,dexclusive,FREE WIN,124.62,L
2020,13,False,False,lmphm,simp.,113.02,PutItOnYa,Dry Szn,102.34,W
2020,13,False,False,PutItOnYa,Dry Szn,102.34,lmphm,simp.,113.02,L
2020,13,False,False,jigri,Jigs,160.06,anth0nyng,Princess Jelly,113.12,W
2020,13,False,False,anth0nyng,Princess Jelly,113.12,jigri,Jigs,160.06,L
2020,13,False,False,donblood,CeeDeez Nutz,147.68,Abadahh,Wtf am I doing here,63.8,W
2020,13,False,False,Abadahh,Wtf am I doing here,63.8,donblood,CeeDeez Nutz,147.68,L
2020,14,True,False,dexclusive,FREE WIN,128.04,anth0nyng,Princess Jelly,142.5,L
2020,14,True,False,anth0nyng,Princess Jelly,142.5,dexclusive,FREE WIN,128.04,W
2020,14,True,False,yckyb,DYNAHMIGHHHH,134.6,lmphm,simp.,162.52,L
2020,14,True,False,lmphm,simp.,162.52,yckyb,DYNAHMIGHHHH,134.6,W
2020,15,True,True,keveezy,Champs to chumps,115.52,Abadahh,Wtf am I doing here,102.8,W
2020,15,True,True,Abadahh,Wtf am I doing here,102.8,keveezy,Champs to chumps,115.52,L
2020,15,True,False,dexclusive,FREE WIN,94.14,yckyb,DYNAHMIGHHHH,104.38,L
2020,15,True,False,yckyb,DYNAHMIGHHHH,104.38,dexclusive,FREE WIN,94.14,W
2020,15,True,False,lmphm,simp.,103.36,donblood,CeeDeez Nutz,142.0,L
2020,15,True,False,donblood,CeeDeez Nutz,142.0,lmphm,simp.,103.36,W
2020,15,True,True,jasonle,This was Chris Lake,113.46,PutItOnYa,Dry Szn,89.32,W
2020,15,True,True,PutItOnYa,Dry Szn,89.32,jasonle,This was Chris Lake,113.46,L
2020,15,True,False,jigri,Jigs,154.22,anth0nyng,Princess Jelly,136.62,W
2020,15,True,False,anth0nyng,Princess Jelly,136.62,jigri,Jigs,154.22,L
2020,16,True,True,keveezy,Champs to chumps,147.4,jasonle,This was Chris Lake,162.82,L
2020,16,True,True,jasonle,This was Chris Lake,162.82,keveezy,Champs to chumps,147.4,W
2020,16,True,False,lmphm,simp.,100.32,anth0nyng,Princess Jelly,124.24,L
2020,16,True,False,anth0nyng,Princess Jelly,124.24,lmphm,simp.,100.32,W
2020,16,True,False,jigri,Jigs,147.92,donblood,CeeDeez Nutz,135.98,W
2020,16,True,False,donblood,CeeDeez Nutz,135.98,jigri,Jigs,147.92,L
2020,16,True,True,PutItOnYa,Dry Szn,103.26,Abadahh,Wtf am I doing here,66.9,W
2020,16,True,True,Abadahh,Wtf am I doing here,66.9,PutItOnYa,Dry Szn,103.26,L
2021,1,False,False,keveezy,Win will I get a when,127.0,Abadahh,Drier than a Popeyes biscuit,164.96,L
2021,1,False,False,Abadahh,Drier than a Popeyes biscuit,164.96,keveezy,Win will I get a when,127.0,W
2021,1,False,False,donblood,CREASING MY SECRET SANTA GIFT,150.08,dexclusive,Dex_lab,124.86,W
2021,1,False,False,dexclusive,Dex_lab,124.86,donblood,CREASING MY SECRET SANTA GIFT,150.08,L
2021,1,False,False,PutItOnYa,Shrooms,135.68,yckyb,Boards,125.58,W
2021,1,False,False,yckyb,Boards,125.58,PutItOnYa,Shrooms,135.68,L
2021,1,False,False,jigri,Washed,102.12,anth0nyng,Queen Jelly,165.96,L
2021,1,False,False,anth0nyng,Queen Jelly,165.96,jigri,Washed,102.12,W
2021,1,False,False,lmphm,Fuck an,110.18,jasonle,0.02 points,108.8,W
2021,1,False,False,jasonle,0.02 points,108.8,lmphm,Fuck an,110.18,L
2021,2,False,False,keveezy,Win will I get a when,132.56,yckyb,Boards,184.32,L
2021,2,False,False,yckyb,Boards,184.32,keveezy,Win will I get a when,132.56,W
2021,2,False,False,donblood,CREASING MY SECRET SANTA GIFT,123.42,Abadahh,Drier than a Popeyes biscuit,117.22,W
2021,2,False,False,Abadahh,Drier than a Popeyes biscuit,117.22,donblood,CREASING MY SECRET SANTA GIFT,123.42,L
2021,2,False,False,PutItOnYa,Shrooms,106.82,jigri,Washed,133.78,L
2021,2,False,False,jigri,Washed,133.78,PutItOnYa,Shrooms,106.82,W
2021,2,False,False,dexclusive,Dex_lab,127.0,lmphm,Fuck an,115.08,W
2021,2,False,False,lmphm,Fuck an,115.08,dexclusive,Dex_lab,127.0,L
2021,2,False,False,anth0nyng,Queen Jelly,147.44,jasonle,0.02 points,134.66,W
2021,2,False,False,jasonle,0.02 points,134.66,anth0nyng,Queen Jelly,147.44,L
2021,3,False,False,keveezy,Win will I get a when,99.68,PutItOnYa,Shrooms,135.04,L
2021,3,False,False,PutItOnYa,Shrooms,135.04,keveezy,Win will I get a when,99.68,W
2021,3,False,False,donblood,CREASING MY SECRET SANTA GIFT,108.4,yckyb,Boards,137.02,L
2021,3,False,False,yckyb,Boards,137.02,donblood,CREASING MY SECRET SANTA GIFT,108.4,W
2021,3,False,False,dexclusive,Dex_lab,118.54,anth0nyng,Queen Jelly,136.68,L
2021,3,False,False,anth0nyng,Queen Jelly,136.68,dexclusive,Dex_lab,118.54,W
2021,3,False,False,jigri,Washed,133.52,jasonle,0.02 points,118.92,W
2021,3,False,False,jasonle,0.02 points,118.92,jigri,Washed,133.52,L
2021,3,False,False,lmphm,Fuck an,133.24,Abadahh,Drier than a Popeyes biscuit,113.22,W
2021,3,False,False,Abadahh,Drier than a Popeyes biscuit,113.22,lmphm,Fuck an,133.24,L
2021,4,False,False,keveezy,Win will I get a when,109.64,donblood,CREASING MY SECRET SANTA GIFT,136.62,L
2021,4,False,False,donblood,CREASING MY SECRET SANTA GIFT,136.62,keveezy,Win will I get a when,109.64,W
2021,4,False,False,PutItOnYa,Shrooms,137.18,jasonle,0.02 points,129.22,W
2021,4,False,False,jasonle,0.02 points,129.22,PutItOnYa,Shrooms,137.18,L
2021,4,False,False,yckyb,Boards,137.0,lmphm,Fuck an,101.44,W
2021,4,False,False,lmphm,Fuck an,101.44,yckyb,Boards,137.0,L
2021,4,False,False,dexclusive,Dex_lab,119.92,jigri,Washed,100.02,W
2021,4,False,False,jigri,Washed,100.02,dexclusive,Dex_lab,119.92,L
2021,4,False,False,anth0nyng,Queen Jelly,124.06,Abadahh,Drier than a Popeyes biscuit,86.06,W
2021,4,False,False,Abadahh,Drier than a Popeyes biscuit,86.06,anth0nyng,Queen Jelly,124.06,L
2021,5,False,False,keveezy,Win will I get a when,154.98,lmphm,Fuck an,136.58,W
2021,5,False,False,lmphm,Fuck an,136.58,keveezy,Win will I get a when,154.98,L
2021,5,False,False,donblood,CREASING MY SECRET SANTA GIFT,158.68,PutItOnYa,Shrooms,192.12,L
2021,5,False,False,PutItOnYa,Shrooms,192.12,donblood,CREASING MY SECRET SANTA GIFT,158.68,W
2021,5,False,False,yckyb,Boards,129.0,anth0nyng,Queen Jelly,146.04,L
2021,5,False,False,anth0nyng,Queen Jelly,146.04,yckyb,Boards,129.0,W
2021,5,False,False,dexclusive,Dex_lab,101.36,jasonle,0.02 points,111.3,L
2021,5,False,False,jasonle,0.02 points,111.3,dexclusive,Dex_lab,101.36,W
2021,5,False,False,jigri,Washed,155.48,Abadahh,Drier than a Popeyes biscuit,144.68,W
2021,5,False,False,Abadahh,Drier than a Popeyes biscuit,144.68,jigri,Washed,155.48,L
2021,6,False,False,keveezy,Win will I get a when,128.58,anth0nyng,Queen Jelly,164.58,L
2021,6,False,False,anth0nyng,Queen Jelly,164.58,keveezy,Win will I get a when,128.58,W
2021,6,False,False,donblood,CREASING MY SECRET SANTA GIFT,176.88,lmphm,Fuck an,145.14,W
2021,6,False,False,lmphm,Fuck an,145.14,donblood,CREASING MY SECRET SANTA GIFT,176.88,L
2021,6,False,False,PutItOnYa,Shrooms,121.7,dexclusive,Dex_lab,125.66,L
2021,6,False,False,dexclusive,Dex_lab,125.66,PutItOnYa,Shrooms,121.7,W
2021,6,False,False,yckyb,Boards,138.24,jigri,Washed,144.8,L
2021,6,False,False,jigri,Washed,144.8,yckyb,Boards,138.24,W
2021,6,False,False,jasonle,0.02 points,126.42,Abadahh,Drier than a Popeyes biscuit,99.36,W
2021,6,False,False,Abadahh,Drier than a Popeyes biscuit,99.36,jasonle,0.02 points,126.42,L
2021,7,False,False,keveezy,Win will I get a when,106.88,jigri,Washed,160.04,L
2021,7,False,False,jigri,Washed,160.04,keveezy,Win will I get a when,106.88,W
2021,7,False,False,donblood,CREASING MY SECRET SANTA GIFT,144.24,anth0nyng,Queen Jelly,146.34,L
2021,7,False,False,anth0nyng,Queen Jelly,146.34,donblood,CREASING MY SECRET SANTA GIFT,144.24,W
2021,7,False,False,PutItOnYa,Shrooms,124.24,lmphm,Fuck an,98.5,W
2021,7,False,False,lmphm,Fuck an,98.5,PutItOnYa,Shrooms,124.24,L
2021,7,False,False,yckyb,Boards,104.66,jasonle,0.02 points,115.18,L
2021,7,False,False,jasonle,0.02 points,115.18,yckyb,Boards,104.66,W
2021,7,False,False,dexclusive,Dex_lab,137.14,Abadahh,Drier than a Popeyes biscuit,84.94,W
2021,7,False,False,Abadahh,Drier than a Popeyes biscuit,84.94,dexclusive,Dex_lab,137.14,L
2021,8,False,False,keveezy,Win will I get a when,106.94,jasonle,0.02 points,104.82,W
2021,8,False,False,jasonle,0.02 points,104.82,keveezy,Win will I get a when,106.94,L
2021,8,False,False,donblood,CREASING MY SECRET SANTA GIFT,105.1,jigri,Washed,93.5,W
2021,8,False,False,jigri,Washed,93.5,donblood,CREASING MY SECRET SANTA GIFT,105.1,L
2021,8,False,False,PutItOnYa,Shrooms,109.32,Abadahh,Drier than a Popeyes biscuit,125.54,L
2021,8,False,False,Abadahh,Drier than a Popeyes biscuit,125.54,PutItOnYa,Shrooms,109.32,W
2021,8,False,False,yckyb,Boards,67.0,dexclusive,Dex_lab,95.46,L
2021,8,False,False,dexclusive,Dex_lab,95.46,yckyb,Boards,67.0,W
2021,8,False,False,anth0nyng,Queen Jelly,178.3,lmphm,Fuck an,136.8,W
2021,8,False,False,lmphm,Fuck an,136.8,anth0nyng,Queen Jelly,178.3,L
2021,9,False,False,keveezy,Win will I get a when,99.74,dexclusive,Dex_lab,106.3,L
2021,9,False,False,dexclusive,Dex_lab,106.3,keveezy,Win will I get a when,99.74,W
2021,9,False,False,donblood,CREASING MY SECRET SANTA GIFT,97.04,jasonle,0.02 points,89.46,W
2021,9,False,False,jasonle,0.02 points,89.46,donblood,CREASING MY SECRET SANTA GIFT,97.04,L
2021,9,False,False,PutItOnYa,Shrooms,115.84,anth0nyng,Queen Jelly,128.68,L
2021,9,False,False,anth0nyng,Queen Jelly,128.68,PutItOnYa,Shrooms,115.84,W
2021,9,False,False,yckyb,Boards,93.96,Abadahh,Drier than a Popeyes biscuit,172.28,L
2021,9,False,False,Abadahh,Drier than a Popeyes biscuit,172.28,yckyb,Boards,93.96,W
2021,9,False,False,jigri,Washed,91.88,lmphm,Fuck an,78.42,W
2021,9,False,False,lmphm,Fuck an,78.42,jigri,Washed,91.88,L
2021,10,False,False,keveezy,Win will I get a when,86.12,Abadahh,Drier than a Popeyes biscuit,102.34,L
2021,10,False,False,Abadahh,Drier than a Popeyes biscuit,102.34,keveezy,Win will I get a when,86.12,W
2021,10,False,False,donblood,CREASING MY SECRET SANTA GIFT,154.54,dexclusive,Dex_lab,101.5,W
2021,10,False,False,dexclusive,Dex_lab,101.5,donblood,CREASING MY SECRET SANTA GIFT,154.54,L
2021,10,False,False,PutItOnYa,Shrooms,104.9,yckyb,Boards,98.52,W
2021,10,False,False,yckyb,Boards,98.52,PutItOnYa,Shrooms,104.9,L
2021,10,False,False,jigri,Washed,116.44,anth0nyng,Queen Jelly,108.6,W
2021,10,False,False,anth0nyng,Queen Jelly,108.6,jigri,Washed,116.44,L
2021,10,False,False,lmphm,Fuck an,116.88,jasonle,0.02 points,125.04,L
2021,10,False,False,jasonle,0.02 points,125.04,lmphm,Fuck an,116.88,W
2021,11,False,False,keveezy,Win will I get a when,107.94,yckyb,Boards,156.34,L
2021,11,False,False,yckyb,Boards,156.34,keveezy,Win will I get a when,107.94,W
2021,11,False,False,donblood,CREASING MY SECRET SANTA GIFT,92.9,Abadahh,Drier than a Popeyes biscuit,212.58,L
2021,11,False,False,Abadahh,Drier than a Popeyes biscuit,212.58,donblood,CREASING MY SECRET SANTA GIFT,92.9,W
2021,11,False,False,PutItOnYa,Shrooms,162.28,jigri,Washed,117.94,W
2021,11,False,False,jigri,Washed,117.94,PutItOnYa,Shrooms,162.28,L
2021,11,False,False,dexclusive,Dex_lab,114.66,lmphm,Fuck an,113.32,W
2021,11,False,False,lmphm,Fuck an,113.32,dexclusive,Dex_lab,114.66,L
2021,11,False,False,anth0nyng,Queen Jelly,137.08,jasonle,0.02 points,107.26,W
2021,11,False,False,jasonle,0.02 points,107.26,anth0nyng,Queen Jelly,137.08,L
2021,12,False,False,keveezy,Win will I get a when,89.1,PutItOnYa,Shrooms,121.82,L
2021,12,False,False,PutItOnYa,Shrooms,121.82,keveezy,Win will I get a when,89.1,W
2021,12,False,False,donblood,CREASING MY SECRET SANTA GIFT,156.68,yckyb,Boards,136.54,W
2021,12,False,False,yckyb,Boards,136.54,donblood,CREASING MY SECRET SANTA GIFT,156.68,L
2021,12,False,False,dexclusive,Dex_lab,85.68,anth0nyng,Queen Jelly,137.24,L
2021,12,False,False,anth0nyng,Queen Jelly,137.24,dexclusive,Dex_lab,85.68,W
2021,12,False,False,jigri,Washed,103.2,jasonle,0.02 points,131.9,L
2021,12,False,False,jasonle,0.02 points,131.9,jigri,Washed,103.2,W
2021,12,False,False,lmphm,Fuck an,96.42,Abadahh,Drier than a Popeyes biscuit,99.98,L
2021,12,False,False,Abadahh,Drier than a Popeyes biscuit,99.98,lmphm,Fuck an,96.42,W
2021,13,False,False,keveezy,Win will I get a when,97.22,donblood,CREASING MY SECRET SANTA GIFT,121.06,L
2021,13,False,False,donblood,CREASING MY SECRET SANTA GIFT,121.06,keveezy,Win will I get a when,97.22,W
2021,13,False,False,PutItOnYa,Shrooms,125.88,jasonle,0.02 points,91.3,W
2021,13,False,False,jasonle,0.02 points,91.3,PutItOnYa,Shrooms,125.88,L
2021,13,False,False,yckyb,Boards,147.4,lmphm,Fuck an,95.76,W
2021,13,False,False,lmphm,Fuck an,95.76,yckyb,Boards,147.4,L
2021,13,False,False,dexclusive,Dex_lab,149.72,jigri,Washed,146.12,W
2021,13,False,False,jigri,Washed,146.12,dexclusive,Dex_lab,149.72,L
2021,13,False,False,anth0nyng,Queen Jelly,148.42,Abadahh,Drier than a Popeyes biscuit,133.34,W
2021,13,False,False,Abadahh,Drier than a Popeyes biscuit,133.34,anth0nyng,Queen Jelly,148.42,L
2021,14,False,False,keveezy,Win will I get a when,111.98,lmphm,Fuck an,99.92,W
2021,14,False,False,lmphm,Fuck an,99.92,keveezy,Win will I get a when,111.98,L
2021,14,False,False,donblood,CREASING MY SECRET SANTA GIFT,134.72,PutItOnYa,Shrooms,112.7,W
2021,14,False,False,PutItOnYa,Shrooms,112.7,donblood,CREASING MY SECRET SANTA GIFT,134.72,L
2021,14,False,False,yckyb,Boards,122.28,anth0nyng,Queen Jelly,166.82,L
2021,14,False,False,anth0nyng,Queen Jelly,166.82,yckyb,Boards,122.28,W
2021,14,False,False,dexclusive,Dex_lab,142.42,jasonle,0.02 points,125.82,W
2021,14,False,False,jasonle,0.02 points,125.82,dexclusive,Dex_lab,142.42,L
2021,14,False,False,jigri,Washed,148.44,Abadahh,Drier than a Popeyes biscuit,106.4,W
2021,14,False,False,Abadahh,Drier than a Popeyes biscuit,106.4,jigri,Washed,148.44,L
2021,15,True,False,PutItOnYa,Shrooms,109.34,Abadahh,Drier than a Popeyes biscuit,109.66,L
2021,15,True,False,Abadahh,Drier than a Popeyes biscuit,109.66,PutItOnYa,Shrooms,109.34,W
2021,15,True,False,dexclusive,Dex_lab,85.58,jigri,Washed,73.98,W
2021,15,True,False,jigri,Washed,73.98,dexclusive,Dex_lab,85.58,L
2021,16,True,True,keveezy,Win will I get a when,71.4,jasonle,0.02 points,116.16,L
2021,16,True,True,jasonle,0.02 points,116.16,keveezy,Win will I get a when,71.4,W
2021,16,True,False,donblood,CREASING MY SECRET SANTA GIFT,120.52,dexclusive,Dex_lab,124.8,L
2021,16,True,False,dexclusive,Dex_lab,124.8,donblood,CREASING MY SECRET SANTA GIFT,120.52,W
2021,16,True,False,PutItOnYa,Shrooms,101.14,jigri,Washed,135.7,L
2021,16,True,False,jigri,Washed,135.7,PutItOnYa,Shrooms,101.14,W
2021,16,True,True,yckyb,Boards,77.88,lmphm,Fuck an,94.44,L
2021,16,True,True,lmphm,Fuck an,94.44,yckyb,Boards,77.88,W
2021,16,True,False,anth0nyng,Queen Jelly,180.46,Abadahh,Drier than a Popeyes biscuit,151.14,W
2021,16,True,False,Abadahh,Drier than a Popeyes biscuit,151.14,anth0nyng,Queen Jelly,180.46,L
2021,17,True,True,keveezy,Win will I get a when,78.1,yckyb,Boards,72.46,W
2021,17,True,True,yckyb,Boards,72.46,keveezy,Win will I get a when,78.1,L
2021,17,True,False,donblood,CREASING MY SECRET SANTA GIFT,131.66,Abadahh,Drier than a Popeyes biscuit,128.74,W
2021,17,True,False,Abadahh,Drier than a Popeyes biscuit,128.74,donblood,CREASING MY SECRET SANTA GIFT,131.66,L
2021,17,True,False,dexclusive,Dex_lab,100.42,anth0nyng,Queen Jelly,157.1,L
2021,17,True,False,anth0nyng,Queen Jelly,157.1,dexclusive,Dex_lab,100.42,W
2021,17,True,True,lmphm,Fuck an,74.1,jasonle,0.02 points,91.4,L
2021,17,True,True,jasonle,0.02 points,91.4,lmphm,Fuck an,74.1,W
2022,1,False,False,keveezy,Free money,150.0,jasonle,Felon,108.7,W
2022,1,False,False,jasonle,Felon,108.7,keveezy,Free money,150.0,L
2022,1,False,False,donblood,my team ass,159.38,jigri,Washed,95.76,W
2022,1,False,False,jigri,Washed,95.76,donblood,my team ass,159.38,L
2022,1,False,False,PutItOnYa,Sports Betting,126.42,lmphm,lmphm,117.72,W
2022,1,False,False,lmphm,lmphm,117.72,PutItOnYa,Sports Betting,126.42,L
2022,1,False,False,yckyb,y c k y,114.92,dexclusive,SCENE INFILTRATED,127.62,L
2022,1,False,False,dexclusive,SCENE INFILTRATED,127.62,yckyb,y c k y,114.92,W
2022,1,False,False,anth0nyng,🏆 Champion Jelly 🏆,134.2,Abadahh,Drier than a Popeyes biscuit,116.88,W
2022,1,False,False,Abadahh,Drier than a Popeyes biscuit,116.88,anth0nyng,🏆 Champion Jelly 🏆,134.2,L
2022,2,False,False,keveezy,Free money,88.16,anth0nyng,🏆 Champion Jelly 🏆,111.0,L
2022,2,False,False,anth0nyng,🏆 Champion Jelly 🏆,111.0,keveezy,Free money,88.16,W
2022,2,False,False,donblood,my team ass,139.28,PutItOnYa,Sports Betting,165.08,L
2022,2,False,False,PutItOnYa,Sports Betting,165.08,donblood,my team ass,139.28,W
2022,2,False,False,yckyb,y c k y,58.66,jasonle,Felon,162.98,L
2022,2,False,False,jasonle,Felon,162.98,yckyb,y c k y,58.66,W
2022,2,False,False,dexclusive,SCENE INFILTRATED,143.52,lmphm,lmphm,113.62,W
2022,2,False,False,lmphm,lmphm,113.62,dexclusive,SCENE INFILTRATED,143.52,L
2022,2,False,False,jigri,Washed,137.86,Abadahh,Drier than a Popeyes biscuit,162.64,L
2022,2,False,False,Abadahh,Drier than a Popeyes biscuit,162.64,jigri,Washed,137.86,W
2022,3,False,False,keveezy,Free money,93.06,jigri,Washed,117.58,L
2022,3,False,False,jigri,Washed,117.58,keveezy,Free money,93.06,W
2022,3,False,False,donblood,my team ass,103.5,lmphm,lmphm,108.2,L
2022,3,False,False,lmphm,lmphm,108.2,donblood,my team ass,103.5,W
2022,3,False,False,PutItOnYa,Sports Betting,105.86,Abadahh,Drier than a Popeyes biscuit,99.9,W
2022,3,False,False,Abadahh,Drier than a Popeyes biscuit,99.9,PutItOnYa,Sports Betting,105.86,L
2022,3,False,False,yckyb,y c k y,113.8,anth0nyng,🏆 Champion Jelly 🏆,102.58,W
2022,3,False,False,anth0nyng,🏆 Champion Jelly 🏆,102.58,yckyb,y c k y,113.8,L
2022,3,False,False,dexclusive,SCENE INFILTRATED,109.02,jasonle,Felon,122.56,L
2022,3,False,False,jasonle,Felon,122.56,dexclusive,SCENE INFILTRATED,109.02,W
2022,4,False,False,keveezy,Free money,129.34,PutItOnYa,Sports Betting,141.18,L
2022,4,False,False,PutItOnYa,Sports Betting,141.18,keveezy,Free money,129.34,W
2022,4,False,False,donblood,my team ass,117.12,dexclusive,SCENE INFILTRATED,153.36,L
2022,4,False,False,dexclusive,SCENE INFILTRATED,153.36,donblood,my team ass,117.12,W
2022,4,False,False,yckyb,y c k y,115.08,jigri,Washed,143.1,L
2022,4,False,False,jigri,Washed,143.1,yckyb,y c k y,115.08,W
2022,4,False,False,anth0nyng,🏆 Champion Jelly 🏆,101.46,jasonle,Felon,126.7,L
2022,4,False,False,jasonle,Felon,126.7,anth0nyng,🏆 Champion Jelly 🏆,101.46,W
2022,4,False,False,lmphm,lmphm,70.16,Abadahh,Drier than a Popeyes biscuit,126.8,L
2022,4,False,False,Abadahh,Drier than a Popeyes biscuit,126.8,lmphm,lmphm,70.16,W
2022,5,False,False,keveezy,Free money,131.68,lmphm,lmphm,107.36,W
2022,5,False,False,lmphm,lmphm,107.36,keveezy,Free money,131.68,L
2022,5,False,False,donblood,my team ass,128.36,Abadahh,Drier than a Popeyes biscuit,133.14,L
2022,5,False,False,Abadahh,Drier than a Popeyes biscuit,133.14,donblood,my team ass,128.36,W
2022,5,False,False,PutItOnYa,Sports Betting,123.9,yckyb,y c k y,119.38,W
2022,5,False,False,yckyb,y c k y,119.38,PutItOnYa,Sports Betting,123.9,L
2022,5,False,False,dexclusive,SCENE INFILTRATED,146.28,anth0nyng,🏆 Champion Jelly 🏆,116.38,W
2022,5,False,False,anth0nyng,🏆 Champion Jelly 🏆,116.38,dexclusive,SCENE INFILTRATED,146.28,L
2022,5,False,False,jigri,Washed,122.42,jasonle,Felon,141.56,L
2022,5,False,False,jasonle,Felon,141.56,jigri,Washed,122.42,W
2022,6,False,False,keveezy,Free money,119.54,donblood,my team ass,112.96,W
2022,6,False,False,donblood,my team ass,112.96,keveezy,Free money,119.54,L
2022,6,False,False,PutItOnYa,Sports Betting,112.98,jasonle,Felon,114.68,L
2022,6,False,False,jasonle,Felon,114.68,PutItOnYa,Sports Betting,112.98,W
2022,6,False,False,yckyb,y c k y,130.3,lmphm,lmphm,137.2,L
2022,6,False,False,lmphm,lmphm,137.2,yckyb,y c k y,130.3,W
2022,6,False,False,dexclusive,SCENE INFILTRATED,146.0,Abadahh,Drier than a Popeyes biscuit,66.52,W
2022,6,False,False,Abadahh,Drier than a Popeyes biscuit,66.52,dexclusive,SCENE INFILTRATED,146.0,L
2022,6,False,False,jigri,Washed,83.86,anth0nyng,🏆 Champion Jelly 🏆,103.42,L
2022,6,False,False,anth0nyng,🏆 Champion Jelly 🏆,103.42,jigri,Washed,83.86,W
2022,7,False,False,keveezy,Free money,148.76,Abadahh,Drier than a Popeyes biscuit,125.0,W
2022,7,False,False,Abadahh,Drier than a Popeyes biscuit,125.0,keveezy,Free money,148.76,L
2022,7,False,False,donblood,my team ass,111.34,yckyb,y c k y,139.94,L
2022,7,False,False,yckyb,y c k y,139.94,donblood,my team ass,111.34,W
2022,7,False,False,PutItOnYa,Sports Betting,112.66,anth0nyng,🏆 Champion Jelly 🏆,112.02,W
2022,7,False,False,anth0nyng,🏆 Champion Jelly 🏆,112.02,PutItOnYa,Sports Betting,112.66,L
2022,7,False,False,dexclusive,SCENE INFILTRATED,117.7,jigri,Washed,132.84,L
2022,7,False,False,jigri,Washed,132.84,dexclusive,SCENE INFILTRATED,117.7,W
2022,7,False,False,lmphm,lmphm,111.44,jasonle,Felon,89.58,W
2022,7,False,False,jasonle,Felon,89.58,lmphm,lmphm,111.44,L
2022,8,False,False,keveezy,Free money,126.92,dexclusive,SCENE INFILTRATED,118.82,W
2022,8,False,False,dexclusive,SCENE INFILTRATED,118.82,keveezy,Free money,126.92,L
2022,8,False,False,donblood,my team ass,154.12,jasonle,Felon,129.94,W
2022,8,False,False,jasonle,Felon,129.94,donblood,my team ass,154.12,L
2022,8,False,False,PutItOnYa,Sports Betting,129.14,jigri,Washed,135.32,L
2022,8,False,False,jigri,Washed,135.32,PutItOnYa,Sports Betting,129.14,W
2022,8,False,False,yckyb,y c k y,125.28,Abadahh,Drier than a Popeyes biscuit,130.2,L
2022,8,False,False,Abadahh,Drier than a Popeyes biscuit,130.2,yckyb,y c k y,125.28,W
2022,8,False,False,anth0nyng,🏆 Champion Jelly 🏆,142.24,lmphm,lmphm,119.84,W
2022,8,False,False,lmphm,lmphm,119.84,anth0nyng,🏆 Champion Jelly 🏆,142.24,L
2022,9,False,False,keveezy,Free money,85.64,yckyb,y c k y,90.24,L
2022,9,False,False,yckyb,y c k y,90.24,keveezy,Free money,85.64,W
2022,9,False,False,donblood,my team ass,171.1,anth0nyng,🏆 Champion Jelly 🏆,120.94,W
2022,9,False,False,anth0nyng,🏆 Champion Jelly 🏆,120.94,donblood,my team ass,171.1,L
2022,9,False,False,PutItOnYa,Sports Betting,145.0,dexclusive,SCENE INFILTRATED,92.82,W
2022,9,False,False,dexclusive,SCENE INFILTRATED,92.82,PutItOnYa,Sports Betting,145.0,L
2022,9,False,False,jigri,Washed,111.52,lmphm,lmphm,117.42,L
2022,9,False,False,lmphm,lmphm,117.42,jigri,Washed,111.52,W
2022,9,False,False,jasonle,Felon,129.5,Abadahh,Drier than a Popeyes biscuit,93.1,W
2022,9,False,False,Abadahh,Drier than a Popeyes biscuit,93.1,jasonle,Felon,129.5,L
2022,10,False,False,keveezy,Free money,124.76,jasonle,Felon,116.8,W
2022,10,False,False,jasonle,Felon,116.8,keveezy,Free money,124.76,L
2022,10,False,False,donblood,my team ass,87.1,jigri,Washed,110.38,L
2022,10,False,False,jigri,Washed,110.38,donblood,my team ass,87.1,W
2022,10,False,False,PutItOnYa,Sports Betting,122.06,lmphm,lmphm,76.7,W
2022,10,False,False,lmphm,lmphm,76.7,PutItOnYa,Sports Betting,122.06,L
2022,10,False,False,yckyb,y c k y,149.74,dexclusive,SCENE INFILTRATED,140.48,W
2022,10,False,False,dexclusive,SCENE INFILTRATED,140.48,yckyb,y c k y,149.74,L
2022,10,False,False,anth0nyng,🏆 Champion Jelly 🏆,108.04,Abadahh,Drier than a Popeyes biscuit,112.98,L
2022,10,False,False,Abadahh,Drier than a Popeyes biscuit,112.98,anth0nyng,🏆 Champion Jelly 🏆,108.04,W
2022,11,False,False,keveezy,Free money,117.58,anth0nyng,🏆 Champion Jelly 🏆,132.06,L
2022,11,False,False,anth0nyng,🏆 Champion Jelly 🏆,132.06,keveezy,Free money,117.58,W
2022,11,False,False,donblood,my team ass,106.18,PutItOnYa,Sports Betting,127.92,L
2022,11,False,False,PutItOnYa,Sports Betting,127.92,donblood,my team ass,106.18,W
2022,11,False,False,yckyb,y c k y,129.0,jasonle,Felon,156.64,L
2022,11,False,False,jasonle,Felon,156.64,yckyb,y c k y,129.0,W
2022,11,False,False,dexclusive,SCENE INFILTRATED,109.76,lmphm,lmphm,104.2,W
2022,11,False,False,lmphm,lmphm,104.2,dexclusive,SCENE INFILTRATED,109.76,L
2022,11,False,False,jigri,Washed,165.94,Abadahh,Drier than a Popeyes biscuit,82.4,W
2022,11,False,False,Abadahh,Drier than a Popeyes biscuit,82.4,jigri,Washed,165.94,L
2022,12,False,False,keveezy,Free money,122.76,jigri,Washed,85.3,W
2022,12,False,False,jigri,Washed,85.3,keveezy,Free money,122.76,L
2022,12,False,False,donblood,my team ass,127.62,lmphm,lmphm,100.72,W
2022,12,False,False,lmphm,lmphm,100.72,donblood,my team ass,127.62,L
2022,12,False,False,PutItOnYa,Sports Betting,134.78,Abadahh,Drier than a Popeyes biscuit,120.22,W
2022,12,False,False,Abadahh,Drier than a Popeyes biscuit,120.22,PutItOnYa,Sports Betting,134.78,L
2022,12,False,False,yckyb,y c k y,107.8,anth0nyng,🏆 Champion Jelly 🏆,119.9,L
2022,12,False,False,anth0nyng,🏆 Champion Jelly 🏆,119.9,yckyb,y c k y,107.8,W
2022,12,False,False,dexclusive,SCENE INFILTRATED,194.3,jasonle,Felon,103.84,W
2022,12,False,False,jasonle,Felon,103.84,dexclusive,SCENE INFILTRATED,194.3,L
2022,13,False,False,keveezy,Free money,124.5,PutItOnYa,Sports Betting,128.76,L
2022,13,False,False,PutItOnYa,Sports Betting,128.76,keveezy,Free money,124.5,W
2022,13,False,False,donblood,my team ass,148.72,dexclusive,SCENE INFILTRATED,113.64,W
2022,13,False,False,dexclusive,SCENE INFILTRATED,113.64,donblood,my team ass,148.72,L
2022,13,False,False,yckyb,y c k y,121.94,jigri,Washed,129.5,L
2022,13,False,False,jigri,Washed,129.5,yckyb,y c k y,121.94,W
2022,13,False,False,anth0nyng,🏆 Champion Jelly 🏆,79.22,jasonle,Felon,127.1,L
2022,13,False,False,jasonle,Felon,127.1,anth0nyng,🏆 Champion Jelly 🏆,79.22,W
2022,13,False,False,lmphm,lmphm,129.9,Abadahh,Drier than a Popeyes biscuit,126.48,W
2022,13,False,False,Abadahh,Drier than a Popeyes biscuit,126.48,lmphm,lmphm,129.9,L
2022,14,False,False,keveezy,Free money,99.78,lmphm,lmphm,181.48,L
2022,14,False,False,lmphm,lmphm,181.48,keveezy,Free money,99.78,W
2022,14,False,False,donblood,my team ass,109.58,Abadahh,Drier than a Popeyes biscuit,130.3,L
2022,14,False,False,Abadahh,Drier than a Popeyes biscuit,130.3,donblood,my team ass,109.58,W
2022,14,False,False,PutItOnYa,Sports Betting,92.86,yckyb,y c k y,66.96,W
2022,14,False,False,yckyb,y c k y,66.96,PutItOnYa,Sports Betting,92.86,L
2022,14,False,False,dexclusive,SCENE INFILTRATED,106.72,anth0nyng,🏆 Champion Jelly 🏆,106.38,W
2022,14,False,False,anth0nyng,🏆 Champion Jelly 🏆,106.38,dexclusive,SCENE INFILTRATED,106.72,L
2022,14,False,False,jigri,Washed,98.02,jasonle,Felon,106.76,L
2022,14,False,False,jasonle,Felon,106.76,jigri,Washed,98.02,W
2022,15,True,False,keveezy,Free money,105.82,jigri,Washed,136.58,L
2022,15,True,False,jigri,Washed,136.58,keveezy,Free money,105.82,W
2022,15,True,False,dexclusive,SCENE INFILTRATED,130.48,Abadahh,Drier than a Popeyes biscuit,127.3,W
2022,15,True,False,Abadahh,Drier than a Popeyes biscuit,127.3,dexclusive,SCENE INFILTRATED,130.48,L
2022,16,True,False,keveezy,Free money,98.1,Abadahh,Drier than a Popeyes biscuit,155.06,L
2022,16,True,False,Abadahh,Drier than a Popeyes biscuit,155.06,keveezy,Free money,98.1,W
2022,16,True,True,donblood,my team ass,124.78,anth0nyng,🏆 Champion Jelly 🏆,111.36,W
2022,16,True,True,anth0nyng,🏆 Champion Jelly 🏆,111.36,donblood,my team ass,124.78,L
2022,16,True,False,PutItOnYa,Sports Betting,115.76,jigri,Washed,91.16,W
2022,16,True,False,jigri,Washed,91.16,PutItOnYa,Sports Betting,115.76,L
2022,16,True,True,yckyb,y c k y,102.0,lmphm,lmphm,108.8,L
2022,16,True,True,lmphm,lmphm,108.8,yckyb,y c k y,102.0,W
2022,16,True,False,dexclusive,SCENE INFILTRATED,105.64,jasonle,Felon,132.5,L
2022,16,True,False,jasonle,Felon,132.5,dexclusive,SCENE INFILTRATED,105.64,W
2022,17,True,True,donblood,my team ass,71.9,lmphm,lmphm,66.6,W
2022,17,True,True,lmphm,lmphm,66.6,donblood,my team ass,71.9,L
2022,17,True,False,PutItOnYa,Sports Betting,112.28,jasonle,Felon,144.1,L
2022,17,True,False,jasonle,Felon,144.1,PutItOnYa,Sports Betting,112.28,W
2022,17,True,True,yckyb,y c k y,72.9,anth0nyng,🏆 Champion Jelly 🏆,93.12,L
2022,17,True,True,anth0nyng,🏆 Champion Jelly 🏆,93.12,yckyb,y c k y,72.9,W
2022,17,True,False,dexclusive,SCENE INFILTRATED,120.76,jigri,Washed,72.56,W
2022,17,True,False,jigri,Washed,72.56,dexclusive,SCENE INFILTRATED,120.76,L
2023,1,False,False,keveezy,Ra-Dogged,99.36,jigri,Jiggly,111.84,L
2023,1,False,False,jigri,Jiggly,111.84,keveezy,Ra-Dogged,99.36,W
2023,1,False,False,donblood,Waddleburger Pattymelt,105.14,dexclusive,Dex,109.74,L
2023,1,False,False,dexclusive,Dex,109.74,donblood,Waddleburger Pattymelt,105.14,W
2023,1,False,False,PutItOnYa,Sports Betting,113.74,jasonle,Felon,63.0,W
2023,1,False,False,jasonle,Felon,63.0,PutItOnYa,Sports Betting,113.74,L
2023,1,False,False,yckyb,y c k y,164.66,Abadahh,Drier than a Popeyes biscuit,107.46,W
2023,1,False,False,Abadahh,Drier than a Popeyes biscuit,107.46,yckyb,y c k y,164.66,L
2023,1,False,False,anth0nyng,🏆 Champion Jelly 🏆,100.76,lmphm,lmphm,140.58,L
2023,1,False,False,lmphm,lmphm,140.58,anth0nyng,🏆 Champion Jelly 🏆,100.76,W
2023,2,False,False,keveezy,Ra-Dogged,85.6,yckyb,y c k y,112.4,L
2023,2,False,False,yckyb,y c k y,112.4,keveezy,Ra-Dogged,85.6,W
2023,2,False,False,donblood,Waddleburger Pattymelt,137.7,lmphm,lmphm,129.18,W
2023,2,False,False,lmphm,lmphm,129.18,donblood,Waddleburger Pattymelt,137.7,L
2023,2,False,False,PutItOnYa,Sports Betting,99.24,jigri,Jiggly,112.44,L
2023,2,False,False,jigri,Jiggly,112.44,PutItOnYa,Sports Betting,99.24,W
2023,2,False,False,dexclusive,Dex,136.66,jasonle,Felon,156.92,L
2023,2,False,False,jasonle,Felon,156.92,dexclusive,Dex,136.66,W
2023,2,False,False,anth0nyng,🏆 Champion Jelly 🏆,71.48,Abadahh,Drier than a Popeyes biscuit,106.74,L
2023,2,False,False,Abadahh,Drier than a Popeyes biscuit,106.74,anth0nyng,🏆 Champion Jelly 🏆,71.48,W
2023,3,False,False,keveezy,Ra-Dogged,131.4,anth0nyng,🏆 Champion Jelly 🏆,122.18,W
2023,3,False,False,anth0nyng,🏆 Champion Jelly 🏆,122.18,keveezy,Ra-Dogged,131.4,L
2023,3,False,False,donblood,Waddleburger Pattymelt,172.98,Abadahh,Drier than a Popeyes biscuit,140.06,W
2023,3,False,False,Abadahh,Drier than a Popeyes biscuit,140.06,donblood,Waddleburger Pattymelt,172.98,L
2023,3,False,False,PutItOnYa,Sports Betting,144.08,dexclusive,Dex,130.98,W
2023,3,False,False,dexclusive,Dex,130.98,PutItOnYa,Sports Betting,144.08,L
2023,3,False,False,yckyb,y c k y,120.26,jigri,Jiggly,107.96,W
2023,3,False,False,jigri,Jiggly,107.96,yckyb,y c k y,120.26,L
2023,3,False,False,lmphm,lmphm,111.06,jasonle,Felon,120.28,L
2023,3,False,False,jasonle,Felon,120.28,lmphm,lmphm,111.06,W
2023,4,False,False,keveezy,Ra-Dogged,126.78,donblood,Waddleburger Pattymelt,104.32,W
2023,4,False,False,donblood,Waddleburger Pattymelt,104.32,keveezy,Ra-Dogged,126.78,L
2023,4,False,False,PutItOnYa,Sports Betting,95.06,lmphm,lmphm,89.18,W
2023,4,False,False,lmphm,lmphm,89.18,PutItOnYa,Sports Betting,95.06,L
2023,4,False,False,yckyb,y c k y,168.62,anth0nyng,🏆 Champion Jelly 🏆,118.74,W
2023,4,False,False,anth0nyng,🏆 Champion Jelly 🏆,118.74,yckyb,y c k y,168.62,L
2023,4,False,False,dexclusive,Dex,117.8,jigri,Jiggly,133.44,L
2023,4,False,False,jigri,Jiggly,133.44,dexclusive,Dex,117.8,W
2023,4,False,False,jasonle,Felon,117.76,Abadahh,Drier than a Popeyes biscuit,78.24,W
2023,4,False,False,Abadahh,Drier than a Popeyes biscuit,78.24,jasonle,Felon,117.76,L
2023,5,False,False,keveezy,Ra-Dogged,148.52,jasonle,Felon,139.12,W
2023,5,False,False,jasonle,Felon,139.12,keveezy,Ra-Dogged,148.52,L
2023,5,False,False,donblood,Waddleburger Pattymelt,120.34,yckyb,y c k y,142.58,L
2023,5,False,False,yckyb,y c k y,142.58,donblood,Waddleburger Pattymelt,120.34,W
2023,5,False,False,PutItOnYa,Sports Betting,125.76,Abadahh,Drier than a Popeyes biscuit,72.96,W
2023,5,False,False,Abadahh,Drier than a Popeyes biscuit,72.96,PutItOnYa,Sports Betting,125.76,L
2023,5,False,False,dexclusive,Dex,113.46,lmphm,lmphm,134.78,L
2023,5,False,False,lmphm,lmphm,134.78,dexclusive,Dex,113.46,W
2023,5,False,False,jigri,Jiggly,99.18,anth0nyng,🏆 Champion Jelly 🏆,126.64,L
2023,5,False,False,anth0nyng,🏆 Champion Jelly 🏆,126.64,jigri,Jiggly,99.18,W
2023,6,False,False,keveezy,Ra-Dogged,142.48,PutItOnYa,Sports Betting,100.72,W
2023,6,False,False,PutItOnYa,Sports Betting,100.72,keveezy,Ra-Dogged,142.48,L
2023,6,False,False,donblood,Waddleburger Pattymelt,107.24,anth0nyng,🏆 Champion Jelly 🏆,176.42,L
2023,6,False,False,anth0nyng,🏆 Champion Jelly 🏆,176.42,donblood,Waddleburger Pattymelt,107.24,W
2023,6,False,False,yckyb,y c k y,98.9,jasonle,Felon,118.8,L
2023,6,False,False,jasonle,Felon,118.8,yckyb,y c k y,98.9,W
2023,6,False,False,dexclusive,Dex,112.46,Abadahh,Drier than a Popeyes biscuit,84.36,W
2023,6,False,False,Abadahh,Drier than a Popeyes biscuit,84.36,dexclusive,Dex,112.46,L
2023,6,False,False,jigri,Jiggly,122.32,lmphm,lmphm,124.1,L
2023,6,False,False,lmphm,lmphm,124.1,jigri,Jiggly,122.32,W
2023,7,False,False,keveezy,Ra-Dogged,126.56,dexclusive,Dex,96.8,W
2023,7,False,False,dexclusive,Dex,96.8,keveezy,Ra-Dogged,126.56,L
2023,7,False,False,donblood,Waddleburger Pattymelt,131.76,jigri,Jiggly,117.96,W
2023,7,False,False,jigri,Jiggly,117.96,donblood,Waddleburger Pattymelt,131.76,L
2023,7,False,False,PutItOnYa,Sports Betting,119.06,yckyb,y c k y,114.28,W
2023,7,False,False,yckyb,y c k y,114.28,PutItOnYa,Sports Betting,119.06,L
2023,7,False,False,anth0nyng,🏆 Champion Jelly 🏆,138.58,jasonle,Felon,136.36,W
2023,7,False,False,jasonle,Felon,136.36,anth0nyng,🏆 Champion Jelly 🏆,138.58,L
2023,7,False,False,lmphm,lmphm,129.14,Abadahh,Drier than a Popeyes biscuit,81.76,W
2023,7,False,False,Abadahh,Drier than a Popeyes biscuit,81.76,lmphm,lmphm,129.14,L
2023,8,False,False,keveezy,Ra-Dogged,135.92,lmphm,lmphm,157.62,L
2023,8,False,False,lmphm,lmphm,157.62,keveezy,Ra-Dogged,135.92,W
2023,8,False,False,donblood,Waddleburger Pattymelt,111.5,jasonle,Felon,123.06,L
2023,8,False,False,jasonle,Felon,123.06,donblood,Waddleburger Pattymelt,111.5,W
2023,8,False,False,PutItOnYa,Sports Betting,146.36,anth0nyng,🏆 Champion Jelly 🏆,113.48,W
2023,8,False,False,anth0nyng,🏆 Champion Jelly 🏆,113.48,PutItOnYa,Sports Betting,146.36,L
2023,8,False,False,yckyb,y c k y,118.6,dexclusive,Dex,140.06,L
2023,8,False,False,dexclusive,Dex,140.06,yckyb,y c k y,118.6,W
2023,8,False,False,jigri,Jiggly,134.88,Abadahh,Drier than a Popeyes biscuit,103.06,W
2023,8,False,False,Abadahh,Drier than a Popeyes biscuit,103.06,jigri,Jiggly,134.88,L
2023,9,False,False,keveezy,Ra-Dogged,96.44,Abadahh,Drier than a Popeyes biscuit,138.86,L
2023,9,False,False,Abadahh,Drier than a Popeyes biscuit,138.86,keveezy,Ra-Dogged,96.44,W
2023,9,False,False,donblood,Waddleburger Pattymelt,113.1,PutItOnYa,Sports Betting,103.8,W
2023,9,False,False,PutItOnYa,Sports Betting,103.8,donblood,Waddleburger Pattymelt,113.1,L
2023,9,False,False,yckyb,y c k y,101.7,lmphm,lmphm,128.52,L
2023,9,False,False,lmphm,lmphm,128.52,yckyb,y c k y,101.7,W
2023,9,False,False,dexclusive,Dex,131.12,anth0nyng,🏆 Champion Jelly 🏆,123.58,W
2023,9,False,False,anth0nyng,🏆 Champion Jelly 🏆,123.58,dexclusive,Dex,131.12,L
2023,9,False,False,jigri,Jiggly,109.12,jasonle,Felon,104.38,W
2023,9,False,False,jasonle,Felon,104.38,jigri,Jiggly,109.12,L
2023,10,False,False,keveezy,Ra-Dogged,150.42,jigri,Jiggly,133.14,W
2023,10,False,False,jigri,Jiggly,133.14,keveezy,Ra-Dogged,150.42,L
2023,10,False,False,donblood,Waddleburger Pattymelt,127.72,dexclusive,Dex,182.38,L
2023,10,False,False,dexclusive,Dex,182.38,donblood,Waddleburger Pattymelt,127.72,W
2023,10,False,False,PutItOnYa,Sports Betting,125.08,jasonle,Felon,97.46,W
2023,10,False,False,jasonle,Felon,97.46,PutItOnYa,Sports Betting,125.08,L
2023,10,False,False,yckyb,y c k y,96.44,Abadahh,Drier than a Popeyes biscuit,168.66,L
2023,10,False,False,Abadahh,Drier than a Popeyes biscuit,168.66,yckyb,y c k y,96.44,W
2023,10,False,False,anth0nyng,🏆 Champion Jelly 🏆,102.02,lmphm,lmphm,93.78,W
2023,10,False,False,lmphm,lmphm,93.78,anth0nyng,🏆 Champion Jelly 🏆,102.02,L
2023,11,False,False,keveezy,Ra-Dogged,109.7,yckyb,y c k y,162.22,L
2023,11,False,False,yckyb,y c k y,162.22,keveezy,Ra-Dogged,109.7,W
2023,11,False,False,donblood,Waddleburger Pattymelt,100.88,lmphm,lmphm,108.14,L
2023,11,False,False,lmphm,lmphm,108.14,donblood,Waddleburger Pattymelt,100.88,W
2023,11,False,False,PutItOnYa,Sports Betting,101.44,jigri,Jiggly,89.24,W
2023,11,False,False,jigri,Jiggly,89.24,PutItOnYa,Sports Betting,101.44,L
2023,11,False,False,dexclusive,Dex,165.5,jasonle,Felon,128.8,W
2023,11,False,False,jasonle,Felon,128.8,dexclusive,Dex,165.5,L
2023,11,False,False,anth0nyng,🏆 Champion Jelly 🏆,96.46,Abadahh,Drier than a Popeyes biscuit,119.36,L
2023,11,False,False,Abadahh,Drier than a Popeyes biscuit,119.36,anth0nyng,🏆 Champion Jelly 🏆,96.46,W
2023,12,False,False,keveezy,Ra-Dogged,120.48,anth0nyng,🏆 Champion Jelly 🏆,107.58,W
2023,12,False,False,anth0nyng,🏆 Champion Jelly 🏆,107.58,keveezy,Ra-Dogged,120.48,L
2023,12,False,False,donblood,Waddleburger Pattymelt,130.22,Abadahh,Drier than a Popeyes biscuit,134.74,L
2023,12,False,False,Abadahh,Drier than a Popeyes biscuit,134.74,donblood,Waddleburger Pattymelt,130.22,W
2023,12,False,False,PutItOnYa,Sports Betting,104.38,dexclusive,Dex,164.76,L
2023,12,False,False,dexclusive,Dex,164.76,PutItOnYa,Sports Betting,104.38,W
2023,12,False,False,yckyb,y c k y,104.16,jigri,Jiggly,164.96,L
2023,12,False,False,jigri,Jiggly,164.96,yckyb,y c k y,104.16,W
2023,12,False,False,lmphm,lmphm,143.7,jasonle,Felon,118.4,W
2023,12,False,False,jasonle,Felon,118.4,lmphm,lmphm,143.7,L
2023,13,False,False,keveezy,Ra-Dogged,121.7,donblood,Waddleburger Pattymelt,122.5,L
2023,13,False,False,donblood,Waddleburger Pattymelt,122.5,keveezy,Ra-Dogged,121.7,W
2023,13,False,False,PutItOnYa,Sports Betting,130.08,lmphm,lmphm,157.14,L
2023,13,False,False,lmphm,lmphm,157.14,PutItOnYa,Sports Betting,130.08,W
2023,13,False,False,yckyb,y c k y,146.96,anth0nyng,🏆 Champion Jelly 🏆,112.28,W
2023,13,False,False,anth0nyng,🏆 Champion Jelly 🏆,112.28,yckyb,y c k y,146.96,L
2023,13,False,False,dexclusive,Dex,143.84,jigri,Jiggly,119.06,W
2023,13,False,False,jigri,Jiggly,119.06,dexclusive,Dex,143.84,L
2023,13,False,False,jasonle,Felon,73.92,Abadahh,Drier than a Popeyes biscuit,123.06,L
2023,13,False,False,Abadahh,Drier than a Popeyes biscuit,123.06,jasonle,Felon,73.92,W
2023,14,False,False,keveezy,Ra-Dogged,72.54,jasonle,Felon,130.88,L
2023,14,False,False,jasonle,Felon,130.88,keveezy,Ra-Dogged,72.54,W
2023,14,False,False,donblood,Waddleburger Pattymelt,114.6,yckyb,y c k y,108.42,W
2023,14,False,False,yckyb,y c k y,108.42,donblood,Waddleburger Pattymelt,114.6,L
2023,14,False,False,PutItOnYa,Sports Betting,153.92,Abadahh,Drier than a Popeyes biscuit,110.54,W
2023,14,False,False,Abadahh,Drier than a Popeyes biscuit,110.54,PutItOnYa,Sports Betting,153.92,L
2023,14,False,False,dexclusive,Dex,115.02,lmphm,lmphm,139.96,L
2023,14,False,False,lmphm,lmphm,139.96,dexclusive,Dex,115.02,W
2023,14,False,False,jigri,Jiggly,90.84,anth0nyng,🏆 Champion Jelly 🏆,136.26,L
2023,14,False,False,anth0nyng,🏆 Champion Jelly 🏆,136.26,jigri,Jiggly,90.84,W
2023,15,True,False,keveezy,Ra-Dogged,133.46,yckyb,y c k y,115.18,W
2023,15,True,False,yckyb,y c k y,115.18,keveezy,Ra-Dogged,133.46,L
2023,15,True,False,donblood,Waddleburger Pattymelt,139.0,dexclusive,Dex,102.26,W
2023,15,True,False,dexclusive,Dex,102.26,donblood,Waddleburger Pattymelt,139.0,L
2023,16,True,False,keveezy,Ra-Dogged,128.36,PutItOnYa,Sports Betting,139.6,L
2023,16,True,False,PutItOnYa,Sports Betting,139.6,keveezy,Ra-Dogged,128.36,W
2023,16,True,False,donblood,Waddleburger Pattymelt,99.2,lmphm,lmphm,158.7,L
2023,16,True,False,lmphm,lmphm,158.7,donblood,Waddleburger Pattymelt,99.2,W
2023,16,True,False,yckyb,y c k y,107.2,dexclusive,Dex,123.98,L
2023,16,True,False,dexclusive,Dex,123.98,yckyb,y c k y,107.2,W
2023,16,True,True,jigri,Jiggly,105.48,anth0nyng,🏆 Champion Jelly 🏆,86.02,W
2023,16,True,True,anth0nyng,🏆 Champion Jelly 🏆,86.02,jigri,Jiggly,105.48,L
2023,16,True,True,jasonle,Felon,151.54,Abadahh,Drier than a Popeyes biscuit,130.82,W
2023,16,True,True,Abadahh,Drier than a Popeyes biscuit,130.82,jasonle,Felon,151.54,L
2023,17,True,False,keveezy,Ra-Dogged,151.84,donblood,Waddleburger Pattymelt,128.0,W
2023,17,True,False,donblood,Waddleburger Pattymelt,128.0,keveezy,Ra-Dogged,151.84,L
2023,17,True,False,PutItOnYa,Sports Betting,112.82,lmphm,lmphm,102.58,W
2023,17,True,False,lmphm,lmphm,102.58,PutItOnYa,Sports Betting,112.82,L
2023,17,True,True,jigri,Jiggly,76.14,jasonle,Felon,85.78,L
2023,17,True,True,jasonle,Felon,85.78,jigri,Jiggly,76.14,W
2023,17,True,True,anth0nyng,🏆 Champion Jelly 🏆,124.36,Abadahh,Drier than a Popeyes biscuit,106.8,W
2023,17,True,True,Abadahh,Drier than a Popeyes biscuit,106.8,anth0nyng,🏆 Champion Jelly 🏆,124.36,L
2024,1,False,False,keveezy,Longtendo,68.36,dexclusive,dexclusive,117.26,L
2024,1,False,False,dexclusive,dexclusive,117.26,keveezy,Longtendo,68.36,W
2024,1,False,False,anth0nyng,🙂‍↕️,127.92,lmphm,lmphm,142.24,L
2024,1,False,False,lmphm,lmphm,142.24,anth0nyng,🙂‍↕️,127.92,W
2024,1,False,False,donblood,CityBoyJJ,132.76,jasonle,Amon Drugs,136.8,L
2024,1,False,False,jasonle,Amon Drugs,136.8,donblood,CityBoyJJ,132.76,W
2024,1,False,False,Abadahh,LANK,110.88,PutItOnYa,PutItOnYa,118.32,L
2024,1,False,False,PutItOnYa,PutItOnYa,118.32,Abadahh,LANK,110.88,W
2024,1,False,False,yckyb,yckyb,131.38,jigri,jigri,110.86,W
2024,1,False,False,jigri,jigri,110.86,yckyb,yckyb,131.38,L
2024,2,False,False,keveezy,Longtendo,116.92,anth0nyng,🙂‍↕️,143.28,L
2024,2,False,False,anth0nyng,🙂‍↕️,143.28,keveezy,Longtendo,116.92,W
2024,2,False,False,donblood,CityBoyJJ,121.52,Abadahh,LANK,143.86,L
2024,2,False,False,Abadahh,LANK,143.86,donblood,CityBoyJJ,121.52,W
2024,2,False,False,lmphm,lmphm,129.04,jigri,jigri,80.7,W
2024,2,False,False,jigri,jigri,80.7,lmphm,lmphm,129.04,L
2024,2,False,False,yckyb,yckyb,136.36,dexclusive,dexclusive,117.14,W
2024,2,False,False,dexclusive,dexclusive,117.14,yckyb,yckyb,136.36,L
2024,2,False,False,jasonle,Amon Drugs,126.6,PutItOnYa,PutItOnYa,141.22,L
2024,2,False,False,PutItOnYa,PutItOnYa,141.22,jasonle,Amon Drugs,126.6,W
2024,3,False,False,keveezy,Longtendo,140.16,yckyb,yckyb,160.52,L
2024,3,False,False,yckyb,yckyb,160.52,keveezy,Longtendo,140.16,W
2024,3,False,False,anth0nyng,🙂‍↕️,132.78,jigri,jigri,126.42,W
2024,3,False,False,jigri,jigri,126.42,anth0nyng,🙂‍↕️,132.78,L
2024,3,False,False,donblood,CityBoyJJ,125.36,PutItOnYa,PutItOnYa,100.34,W
2024,3,False,False,PutItOnYa,PutItOnYa,100.34,donblood,CityBoyJJ,125.36,L
2024,3,False,False,lmphm,lmphm,78.68,dexclusive,dexclusive,111.26,L
2024,3,False,False,dexclusive,dexclusive,111.26,lmphm,lmphm,78.68,W
2024,3,False,False,Abadahh,LANK,96.28,jasonle,Amon Drugs,86.52,W
2024,3,False,False,jasonle,Amon Drugs,86.52,Abadahh,LANK,96.28,L
2024,4,False,False,keveezy,Longtendo,154.18,lmphm,lmphm,100.5,W
2024,4,False,False,lmphm,lmphm,100.5,keveezy,Longtendo,154.18,L
2024,4,False,False,anth0nyng,🙂‍↕️,118.34,Abadahh,LANK,125.62,L
2024,4,False,False,Abadahh,LANK,125.62,anth0nyng,🙂‍↕️,118.34,W
2024,4,False,False,donblood,CityBoyJJ,94.94,jigri,jigri,143.8,L
2024,4,False,False,jigri,jigri,143.8,donblood,CityBoyJJ,94.94,W
2024,4,False,False,yckyb,yckyb,87.5,jasonle,Amon Drugs,144.3,L
2024,4,False,False,jasonle,Amon Drugs,144.3,yckyb,yckyb,87.5,W
2024,4,False,False,dexclusive,dexclusive,88.82,PutItOnYa,PutItOnYa,135.4,L
2024,4,False,False,PutItOnYa,PutItOnYa,135.4,dexclusive,dexclusive,88.82,W
2024,5,False,False,keveezy,Longtendo,156.58,PutItOnYa,PutItOnYa,117.74,W
2024,5,False,False,PutItOnYa,PutItOnYa,117.74,keveezy,Longtendo,156.58,L
2024,5,False,False,anth0nyng,🙂‍↕️,114.82,dexclusive,dexclusive,130.72,L
2024,5,False,False,dexclusive,dexclusive,130.72,anth0nyng,🙂‍↕️,114.82,W
2024,5,False,False,donblood,CityBoyJJ,143.18,yckyb,yckyb,95.84,W
2024,5,False,False,yckyb,yckyb,95.84,donblood,CityBoyJJ,143.18,L
2024,5,False,False,lmphm,lmphm,111.14,Abadahh,LANK,86.46,W
2024,5,False,False,Abadahh,LANK,86.46,lmphm,lmphm,111.14,L
2024,5,False,False,jasonle,Amon Drugs,151.36,jigri,jigri,146.8,W
2024,5,False,False,jigri,jigri,146.8,jasonle,Amon Drugs,151.36,L
2024,6,False,False,keveezy,Longtendo,123.72,donblood,CityBoyJJ,113.62,W
2024,6,False,False,donblood,CityBoyJJ,113.62,keveezy,Longtendo,123.72,L
2024,6,False,False,anth0nyng,🙂‍↕️,138.22,yckyb,yckyb,131.2,W
2024,6,False,False,yckyb,yckyb,131.2,anth0nyng,🙂‍↕️,138.22,L
2024,6,False,False,lmphm,lmphm,84.5,PutItOnYa,PutItOnYa,107.2,L
2024,6,False,False,PutItOnYa,PutItOnYa,107.2,lmphm,lmphm,84.5,W
2024,6,False,False,Abadahh,LANK,101.8,jigri,jigri,150.7,L
2024,6,False,False,jigri,jigri,150.7,Abadahh,LANK,101.8,W
2024,6,False,False,jasonle,Amon Drugs,142.12,dexclusive,dexclusive,114.96,W
2024,6,False,False,dexclusive,dexclusive,114.96,jasonle,Amon Drugs,142.12,L
2024,7,False,False,keveezy,Longtendo,105.44,jasonle,Amon Drugs,124.4,L
2024,7,False,False,jasonle,Amon Drugs,124.4,keveezy,Longtendo,105.44,W
2024,7,False,False,anth0nyng,🙂‍↕️,115.94,PutItOnYa,PutItOnYa,139.46,L
2024,7,False,False,PutItOnYa,PutItOnYa,139.46,anth0nyng,🙂‍↕️,115.94,W
2024,7,False,False,donblood,CityBoyJJ,144.86,lmphm,lmphm,94.26,W
2024,7,False,False,lmphm,lmphm,94.26,donblood,CityBoyJJ,144.86,L
2024,7,False,False,Abadahh,LANK,101.58,yckyb,yckyb,114.32,L
2024,7,False,False,yckyb,yckyb,114.32,Abadahh,LANK,101.58,W
2024,7,False,False,dexclusive,dexclusive,111.74,jigri,jigri,128.4,L
2024,7,False,False,jigri,jigri,128.4,dexclusive,dexclusive,111.74,W
2024,8,False,False,keveezy,Longtendo,105.36,jigri,jigri,123.9,L
2024,8,False,False,jigri,jigri,123.9,keveezy,Longtendo,105.36,W
2024,8,False,False,anth0nyng,🙂‍↕️,142.56,donblood,CityBoyJJ,141.7,W
2024,8,False,False,donblood,CityBoyJJ,141.7,anth0nyng,🙂‍↕️,142.56,L
2024,8,False,False,lmphm,lmphm,125.48,jasonle,Amon Drugs,131.54,L
2024,8,False,False,jasonle,Amon Drugs,131.54,lmphm,lmphm,125.48,W
2024,8,False,False,Abadahh,LANK,154.8,dexclusive,dexclusive,134.04,W
2024,8,False,False,dexclusive,dexclusive,134.04,Abadahh,LANK,154.8,L
2024,8,False,False,yckyb,yckyb,143.44,PutItOnYa,PutItOnYa,139.94,W
2024,8,False,False,PutItOnYa,PutItOnYa,139.94,yckyb,yckyb,143.44,L
2024,9,False,False,keveezy,Longtendo,131.54,Abadahh,LANK,98.4,W
2024,9,False,False,Abadahh,LANK,98.4,keveezy,Longtendo,131.54,L
2024,9,False,False,anth0nyng,🙂‍↕️,116.48,jasonle,Amon Drugs,127.14,L
2024,9,False,False,jasonle,Amon Drugs,127.14,anth0nyng,🙂‍↕️,116.48,W
2024,9,False,False,donblood,CityBoyJJ,167.6,dexclusive,dexclusive,109.06,W
2024,9,False,False,dexclusive,dexclusive,109.06,donblood,CityBoyJJ,167.6,L
2024,9,False,False,lmphm,lmphm,121.04,yckyb,yckyb,122.8,L
2024,9,False,False,yckyb,yckyb,122.8,lmphm,lmphm,121.04,W
2024,9,False,False,jigri,jigri,100.8,PutItOnYa,PutItOnYa,133.4,L
2024,9,False,False,PutItOnYa,PutItOnYa,133.4,jigri,jigri,100.8,W
2024,10,False,False,keveezy,Longtendo,114.42,dexclusive,dexclusive,124.58,L
2024,10,False,False,dexclusive,dexclusive,124.58,keveezy,Longtendo,114.42,W
2024,10,False,False,anth0nyng,🙂‍↕️,138.7,lmphm,lmphm,102.64,W
2024,10,False,False,lmphm,lmphm,102.64,anth0nyng,🙂‍↕️,138.7,L
2024,10,False,False,donblood,CityBoyJJ,77.44,jasonle,Amon Drugs,136.94,L
2024,10,False,False,jasonle,Amon Drugs,136.94,donblood,CityBoyJJ,77.44,W
2024,10,False,False,Abadahh,LANK,119.22,PutItOnYa,PutItOnYa,130.48,L
2024,10,False,False,PutItOnYa,PutItOnYa,130.48,Abadahh,LANK,119.22,W
2024,10,False,False,yckyb,yckyb,110.2,jigri,jigri,141.94,L
2024,10,False,False,jigri,jigri,141.94,yckyb,yckyb,110.2,W
2024,11,False,False,keveezy,Longtendo,134.44,anth0nyng,🙂‍↕️,121.28,W
2024,11,False,False,anth0nyng,🙂‍↕️,121.28,keveezy,Longtendo,134.44,L
2024,11,False,False,donblood,CityBoyJJ,156.84,Abadahh,LANK,102.26,W
2024,11,False,False,Abadahh,LANK,102.26,donblood,CityBoyJJ,156.84,L
2024,11,False,False,lmphm,lmphm,124.74,jigri,jigri,103.08,W
2024,11,False,False,jigri,jigri,103.08,lmphm,lmphm,124.74,L
2024,11,False,False,yckyb,yckyb,152.58,dexclusive,dexclusive,95.54,W
2024,11,False,False,dexclusive,dexclusive,95.54,yckyb,yckyb,152.58,L
2024,11,False,False,jasonle,Amon Drugs,136.18,PutItOnYa,PutItOnYa,119.14,W
2024,11,False,False,PutItOnYa,PutItOnYa,119.14,jasonle,Amon Drugs,136.18,L
2024,12,False,False,keveezy,Longtendo,111.02,yckyb,yckyb,101.58,W
2024,12,False,False,yckyb,yckyb,101.58,keveezy,Longtendo,111.02,L
2024,12,False,False,anth0nyng,🙂‍↕️,133.58,jigri,jigri,85.56,W
2024,12,False,False,jigri,jigri,85.56,anth0nyng,🙂‍↕️,133.58,L
2024,12,False,False,donblood,CityBoyJJ,157.66,PutItOnYa,PutItOnYa,129.06,W
2024,12,False,False,PutItOnYa,PutItOnYa,129.06,donblood,CityBoyJJ,157.66,L
2024,12,False,False,lmphm,lmphm,116.16,dexclusive,dexclusive,149.4,L
2024,12,False,False,dexclusive,dexclusive,149.4,lmphm,lmphm,116.16,W
2024,12,False,False,Abadahh,LANK,82.0,jasonle,Amon Drugs,124.02,L
2024,12,False,False,jasonle,Amon Drugs,124.02,Abadahh,LANK,82.0,W
2024,13,False,False,keveezy,Longtendo,126.76,lmphm,lmphm,136.44,L
2024,13,False,False,lmphm,lmphm,136.44,keveezy,Longtendo,126.76,W
2024,13,False,False,anth0nyng,🙂‍↕️,144.28,Abadahh,LANK,121.9,W
2024,13,False,False,Abadahh,LANK,121.9,anth0nyng,🙂‍↕️,144.28,L
2024,13,False,False,donblood,CityBoyJJ,123.06,jigri,jigri,136.8,L
2024,13,False,False,jigri,jigri,136.8,donblood,CityBoyJJ,123.06,W
2024,13,False,False,yckyb,yckyb,104.3,jasonle,Amon Drugs,102.36,W
2024,13,False,False,jasonle,Amon Drugs,102.36,yckyb,yckyb,104.3,L
2024,13,False,False,dexclusive,dexclusive,140.74,PutItOnYa,PutItOnYa,155.42,L
2024,13,False,False,PutItOnYa,PutItOnYa,155.42,dexclusive,dexclusive,140.74,W
2024,14,False,False,keveezy,Longtendo,126.06,PutItOnYa,PutItOnYa,140.02,L
2024,14,False,False,PutItOnYa,PutItOnYa,140.02,keveezy,Longtendo,126.06,W
2024,14,False,False,anth0nyng,🙂‍↕️,157.86,dexclusive,dexclusive,102.86,W
2024,14,False,False,dexclusive,dexclusive,102.86,anth0nyng,🙂‍↕️,157.86,L
2024,14,False,False,donblood,CityBoyJJ,126.24,yckyb,yckyb,175.18,L
2024,14,False,False,yckyb,yckyb,175.18,donblood,CityBoyJJ,126.24,W
2024,14,False,False,lmphm,lmphm,131.4,Abadahh,LANK,157.88,L
2024,14,False,False,Abadahh,LANK,157.88,lmphm,lmphm,131.4,W
2024,14,False,False,jasonle,Amon Drugs,112.56,jigri,jigri,123.4,L
2024,14,False,False,jigri,jigri,123.4,jasonle,Amon Drugs,112.56,W
2024,15,True,True,keveezy,Longtendo,118.14,lmphm,lmphm,161.76,L
2024,15,True,True,lmphm,lmphm,161.76,keveezy,Longtendo,118.14,W
2024,15,True,False,anth0nyng,🙂‍↕️,130.2,jigri,jigri,151.32,L
2024,15,True,False,jigri,jigri,151.32,anth0nyng,🙂‍↕️,130.2,W
2024,15,True,False,donblood,CityBoyJJ,119.36,yckyb,yckyb,127.38,L
2024,15,True,False,yckyb,yckyb,127.38,donblood,CityBoyJJ,119.36,W
2024,15,True,True,Abadahh,LANK,92.64,dexclusive,dexclusive,135.74,L
2024,15,True,True,dexclusive,dexclusive,135.74,Abadahh,LANK,92.64,W
2024,16,True,True,keveezy,Longtendo,84.98,Abadahh,LANK,132.04,L
2024,16,True,True,Abadahh,LANK,132.04,keveezy,Longtendo,84.98,W
2024,16,True,False,anth0nyng,🙂‍↕️,119.88,donblood,CityBoyJJ,157.58,L
2024,16,True,False,donblood,CityBoyJJ,157.58,anth0nyng,🙂‍↕️,119.88,W
2024,16,True,True,lmphm,lmphm,144.2,dexclusive,dexclusive,167.12,L
2024,16,True,True,dexclusive,dexclusive,167.12,lmphm,lmphm,144.2,W
2024,16,True,False,yckyb,yckyb,85.66,PutItOnYa,PutItOnYa,100.44,L
2024,16,True,False,PutItOnYa,PutItOnYa,100.44,yckyb,yckyb,85.66,W
2024,16,True,False,jasonle,Amon Drugs,131.72,jigri,jigri,158.02,L
2024,16,True,False,jigri,jigri,158.02,jasonle,Amon Drugs,131.72,W
2024,17,True,False,yckyb,yckyb,99.68,jasonle,Amon Drugs,64.86,W
2024,17,True,False,jasonle,Amon Drugs,64.86,yckyb,yckyb,99.68,L
2024,17,True,False,jigri,jigri,181.86,PutItOnYa,PutItOnYa,167.42,W
2024,17,True,False,PutItOnYa,PutItOnYa,167.42,jigri,jigri,181.86,L
2025,1,False,False,keveezy,Fly cant mosquito ,95.24,anth0nyng,Honeymoon Fund 2026,143.68,L
2025,1,False,False,anth0nyng,Honeymoon Fund 2026,143.68,keveezy,Fly cant mosquito ,95.24,W
2025,1,False,False,donblood,Pickens Noses Diggs Asses,88.52,lmphm,JJ & the AFC,116.46,L
2025,1,False,False,lmphm,JJ & the AFC,116.46,donblood,Pickens Noses Diggs Asses,88.52,W
2025,1,False,False,Abadahh,LANK,95.22,jigri,jigri,125.36,L
2025,1,False,False,jigri,jigri,125.36,Abadahh,LANK,95.22,W
2025,1,False,False,yckyb,yckyb,139.72,dexclusive,dexclusive,112.3,W
2025,1,False,False,dexclusive,dexclusive,112.3,yckyb,yckyb,139.72,L
2025,1,False,False,jasonle,Tuten and bootin,133.98,PutItOnYa,PutItOnYa,98.82,W
2025,1,False,False,PutItOnYa,PutItOnYa,98.82,jasonle,Tuten and bootin,133.98,L
2025,2,False,False,keveezy,Fly cant mosquito ,107.24,lmphm,JJ & the AFC,82.02,W
2025,2,False,False,lmphm,JJ & the AFC,82.02,keveezy,Fly cant mosquito ,107.24,L
2025,2,False,False,anth0nyng,Honeymoon Fund 2026,122.6,yckyb,yckyb,145.4,L
2025,2,False,False,yckyb,yckyb,145.4,anth0nyng,Honeymoon Fund 2026,122.6,W
2025,2,False,False,donblood,Pickens Noses Diggs Asses,125.58,dexclusive,dexclusive,128.06,L
2025,2,False,False,dexclusive,dexclusive,128.06,donblood,Pickens Noses Diggs Asses,125.58,W
2025,2,False,False,Abadahh,LANK,106.64,jasonle,Tuten and bootin,125.14,L
2025,2,False,False,jasonle,Tuten and bootin,125.14,Abadahh,LANK,106.64,W
2025,2,False,False,jigri,jigri,141.7,PutItOnYa,PutItOnYa,138.38,W
2025,2,False,False,PutItOnYa,PutItOnYa,138.38,jigri,jigri,141.7,L
2025,3,False,False,keveezy,Fly cant mosquito ,105.92,dexclusive,dexclusive,112.28,L
2025,3,False,False,dexclusive,dexclusive,112.28,keveezy,Fly cant mosquito ,105.92,W
2025,3,False,False,anth0nyng,Honeymoon Fund 2026,117.72,lmphm,JJ & the AFC,95.12,W
2025,3,False,False,lmphm,JJ & the AFC,95.12,anth0nyng,Honeymoon Fund 2026,117.72,L
2025,3,False,False,donblood,Pickens Noses Diggs Asses,103.66,yckyb,yckyb,113.02,L
2025,3,False,False,yckyb,yckyb,113.02,donblood,Pickens Noses Diggs Asses,103.66,W
2025,3,False,False,Abadahh,LANK,94.1,PutItOnYa,PutItOnYa,123.72,L
2025,3,False,False,PutItOnYa,PutItOnYa,123.72,Abadahh,LANK,94.1,W
2025,3,False,False,jasonle,Tuten and bootin,127.94,jigri,jigri,143.62,L
2025,3,False,False,jigri,jigri,143.62,jasonle,Tuten and bootin,127.94,W
2025,4,False,False,keveezy,Fly cant mosquito ,154.94,jigri,jigri,89.98,W
2025,4,False,False,jigri,jigri,89.98,keveezy,Fly cant mosquito ,154.94,L
2025,4,False,False,anth0nyng,Honeymoon Fund 2026,135.76,dexclusive,dexclusive,102.82,W
2025,4,False,False,dexclusive,dexclusive,102.82,anth0nyng,Honeymoon Fund 2026,135.76,L
2025,4,False,False,donblood,Pickens Noses Diggs Asses,163.9,jasonle,Tuten and bootin,130.3,W
2025,4,False,False,jasonle,Tuten and bootin,130.3,donblood,Pickens Noses Diggs Asses,163.9,L
2025,4,False,False,lmphm,JJ & the AFC,116.96,PutItOnYa,PutItOnYa,113.98,W
2025,4,False,False,PutItOnYa,PutItOnYa,113.98,lmphm,JJ & the AFC,116.96,L
2025,4,False,False,Abadahh,LANK,115.08,yckyb,yckyb,145.58,L
2025,4,False,False,yckyb,yckyb,145.58,Abadahh,LANK,115.08,W
2025,5,False,False,keveezy,Fly cant mosquito ,144.78,yckyb,yckyb,109.54,W
2025,5,False,False,yckyb,yckyb,109.54,keveezy,Fly cant mosquito ,144.78,L
2025,5,False,False,anth0nyng,Honeymoon Fund 2026,115.1,jigri,jigri,127.32,L
2025,5,False,False,jigri,jigri,127.32,anth0nyng,Honeymoon Fund 2026,115.1,W
2025,5,False,False,donblood,Pickens Noses Diggs Asses,132.72,PutItOnYa,PutItOnYa,131.12,W
2025,5,False,False,PutItOnYa,PutItOnYa,131.12,donblood,Pickens Noses Diggs Asses,132.72,L
2025,5,False,False,lmphm,JJ & the AFC,111.12,jasonle,Tuten and bootin,130.6,L
2025,5,False,False,jasonle,Tuten and bootin,130.6,lmphm,JJ & the AFC,111.12,W
2025,5,False,False,Abadahh,LANK,106.28,dexclusive,dexclusive,145.28,L
2025,5,False,False,dexclusive,dexclusive,145.28,Abadahh,LANK,106.28,W
2025,6,False,False,keveezy,Fly cant mosquito ,123.76,PutItOnYa,PutItOnYa,104.36,W
2025,6,False,False,PutItOnYa,PutItOnYa,104.36,keveezy,Fly cant mosquito ,123.76,L
2025,6,False,False,anth0nyng,Honeymoon Fund 2026,125.34,jasonle,Tuten and bootin,120.12,W
2025,6,False,False,jasonle,Tuten and bootin,120.12,anth0nyng,Honeymoon Fund 2026,125.34,L
2025,6,False,False,donblood,Pickens Noses Diggs Asses,127.48,Abadahh,LANK,135.9,L
2025,6,False,False,Abadahh,LANK,135.9,donblood,Pickens Noses Diggs Asses,127.48,W
2025,6,False,False,lmphm,JJ & the AFC,100.6,yckyb,yckyb,115.54,L
2025,6,False,False,yckyb,yckyb,115.54,lmphm,JJ & the AFC,100.6,W
2025,6,False,False,dexclusive,dexclusive,122.54,jigri,jigri,112.04,W
2025,6,False,False,jigri,jigri,112.04,dexclusive,dexclusive,122.54,L
2025,7,False,False,keveezy,Fly cant mosquito ,137.06,donblood,Pickens Noses Diggs Asses,123.84,W
2025,7,False,False,donblood,Pickens Noses Diggs Asses,123.84,keveezy,Fly cant mosquito ,137.06,L
2025,7,False,False,anth0nyng,Honeymoon Fund 2026,133.22,PutItOnYa,PutItOnYa,108.64,W
2025,7,False,False,PutItOnYa,PutItOnYa,108.64,anth0nyng,Honeymoon Fund 2026,133.22,L
2025,7,False,False,lmphm,JJ & the AFC,108.9,Abadahh,LANK,112.78,L
2025,7,False,False,Abadahh,LANK,112.78,lmphm,JJ & the AFC,108.9,W
2025,7,False,False,yckyb,yckyb,84.94,jigri,jigri,98.08,L
2025,7,False,False,jigri,jigri,98.08,yckyb,yckyb,84.94,W
2025,7,False,False,jasonle,Tuten and bootin,134.74,dexclusive,dexclusive,139.26,L
2025,7,False,False,dexclusive,dexclusive,139.26,jasonle,Tuten and bootin,134.74,W
2025,8,False,False,keveezy,Fly cant mosquito ,144.78,Abadahh,LANK,73.02,W
2025,8,False,False,Abadahh,LANK,73.02,keveezy,Fly cant mosquito ,144.78,L
2025,8,False,False,anth0nyng,Honeymoon Fund 2026,104.88,donblood,Pickens Noses Diggs Asses,103.16,W
2025,8,False,False,donblood,Pickens Noses Diggs Asses,103.16,anth0nyng,Honeymoon Fund 2026,104.88,L
2025,8,False,False,lmphm,JJ & the AFC,126.38,jigri,jigri,167.68,L
2025,8,False,False,jigri,jigri,167.68,lmphm,JJ & the AFC,126.38,W
2025,8,False,False,yckyb,yckyb,150.58,jasonle,Tuten and bootin,80.46,W
2025,8,False,False,jasonle,Tuten and bootin,80.46,yckyb,yckyb,150.58,L
2025,8,False,False,dexclusive,dexclusive,114.32,PutItOnYa,PutItOnYa,149.36,L
2025,8,False,False,PutItOnYa,PutItOnYa,149.36,dexclusive,dexclusive,114.32,W
2025,9,False,False,keveezy,Fly cant mosquito ,119.72,jasonle,Tuten and bootin,107.04,W
2025,9,False,False,jasonle,Tuten and bootin,107.04,keveezy,Fly cant mosquito ,119.72,L
2025,9,False,False,anth0nyng,Honeymoon Fund 2026,155.66,Abadahh,LANK,138.54,W
2025,9,False,False,Abadahh,LANK,138.54,anth0nyng,Honeymoon Fund 2026,155.66,L
2025,9,False,False,donblood,Pickens Noses Diggs Asses,110.5,jigri,jigri,114.56,L
2025,9,False,False,jigri,jigri,114.56,donblood,Pickens Noses Diggs Asses,110.5,W
2025,9,False,False,lmphm,JJ & the AFC,136.42,dexclusive,dexclusive,136.6,L
2025,9,False,False,dexclusive,dexclusive,136.6,lmphm,JJ & the AFC,136.42,W
2025,9,False,False,yckyb,yckyb,115.36,PutItOnYa,PutItOnYa,118.52,L
2025,9,False,False,PutItOnYa,PutItOnYa,118.52,yckyb,yckyb,115.36,W
2025,10,False,False,keveezy,Fly cant mosquito ,111.9,anth0nyng,Honeymoon Fund 2026,150.0,L
2025,10,False,False,anth0nyng,Honeymoon Fund 2026,150.0,keveezy,Fly cant mosquito ,111.9,W
2025,10,False,False,donblood,Pickens Noses Diggs Asses,103.12,lmphm,JJ & the AFC,114.24,L
2025,10,False,False,lmphm,JJ & the AFC,114.24,donblood,Pickens Noses Diggs Asses,103.12,W
2025,10,False,False,Abadahh,LANK,124.38,jigri,jigri,166.84,L
2025,10,False,False,jigri,jigri,166.84,Abadahh,LANK,124.38,W
2025,10,False,False,yckyb,yckyb,75.8,dexclusive,dexclusive,102.2,L
2025,10,False,False,dexclusive,dexclusive,102.2,yckyb,yckyb,75.8,W
2025,10,False,False,jasonle,Tuten and bootin,134.22,PutItOnYa,PutItOnYa,145.5,L
2025,10,False,False,PutItOnYa,PutItOnYa,145.5,jasonle,Tuten and bootin,134.22,W
2025,11,False,False,keveezy,Fly cant mosquito ,81.8,lmphm,JJ & the AFC,179.78,L
2025,11,False,False,lmphm,JJ & the AFC,179.78,keveezy,Fly cant mosquito ,81.8,W
2025,11,False,False,anth0nyng,Honeymoon Fund 2026,149.52,yckyb,yckyb,105.7,W
2025,11,False,False,yckyb,yckyb,105.7,anth0nyng,Honeymoon Fund 2026,149.52,L
2025,11,False,False,donblood,Pickens Noses Diggs Asses,127.94,dexclusive,dexclusive,76.46,W
2025,11,False,False,dexclusive,dexclusive,76.46,donblood,Pickens Noses Diggs Asses,127.94,L
2025,11,False,False,Abadahh,LANK,129.02,jasonle,Tuten and bootin,84.2,W
2025,11,False,False,jasonle,Tuten and bootin,84.2,Abadahh,LANK,129.02,L
2025,11,False,False,jigri,jigri,112.72,PutItOnYa,PutItOnYa,84.6,W
2025,11,False,False,PutItOnYa,PutItOnYa,84.6,jigri,jigri,112.72,L
2025,12,False,False,keveezy,Fly cant mosquito ,66.22,dexclusive,dexclusive,120.66,L
2025,12,False,False,dexclusive,dexclusive,120.66,keveezy,Fly cant mosquito ,66.22,W
2025,12,False,False,anth0nyng,Honeymoon Fund 2026,138.94,lmphm,JJ & the AFC,100.82,W
2025,12,False,False,lmphm,JJ & the AFC,100.82,anth0nyng,Honeymoon Fund 2026,138.94,L
2025,12,False,False,donblood,Pickens Noses Diggs Asses,138.28,yckyb,yckyb,131.96,W
2025,12,False,False,yckyb,yckyb,131.96,donblood,Pickens Noses Diggs Asses,138.28,L
2025,12,False,False,Abadahh,LANK,118.78,PutItOnYa,PutItOnYa,164.12,L
2025,12,False,False,PutItOnYa,PutItOnYa,164.12,Abadahh,LANK,118.78,W
2025,12,False,False,jasonle,Tuten and bootin,153.66,jigri,jigri,118.12,W
2025,12,False,False,jigri,jigri,118.12,jasonle,Tuten and bootin,153.66,L
2025,13,False,False,keveezy,Fly cant mosquito ,104.24,jigri,jigri,76.34,W
2025,13,False,False,jigri,jigri,76.34,keveezy,Fly cant mosquito ,104.24,L
2025,13,False,False,anth0nyng,Honeymoon Fund 2026,118.76,dexclusive,dexclusive,111.2,W
2025,13,False,False,dexclusive,dexclusive,111.2,anth0nyng,Honeymoon Fund 2026,118.76,L
2025,13,False,False,donblood,Pickens Noses Diggs Asses,142.14,jasonle,Tuten and bootin,89.4,W
2025,13,False,False,jasonle,Tuten and bootin,89.4,donblood,Pickens Noses Diggs Asses,142.14,L
2025,13,False,False,lmphm,JJ & the AFC,95.92,PutItOnYa,PutItOnYa,109.62,L
2025,13,False,False,PutItOnYa,PutItOnYa,109.62,lmphm,JJ & the AFC,95.92,W
2025,13,False,False,Abadahh,LANK,131.66,yckyb,yckyb,115.94,W
2025,13,False,False,yckyb,yckyb,115.94,Abadahh,LANK,131.66,L
2025,14,False,False,keveezy,Fly cant mosquito ,105.78,yckyb,yckyb,123.76,L
2025,14,False,False,yckyb,yckyb,123.76,keveezy,Fly cant mosquito ,105.78,W
2025,14,False,False,anth0nyng,Honeymoon Fund 2026,136.36,jigri,jigri,147.36,L
2025,14,False,False,jigri,jigri,147.36,anth0nyng,Honeymoon Fund 2026,136.36,W
2025,14,False,False,donblood,Pickens Noses Diggs Asses,89.3,PutItOnYa,PutItOnYa,139.84,L
2025,14,False,False,PutItOnYa,PutItOnYa,139.84,donblood,Pickens Noses Diggs Asses,89.3,W
2025,14,False,False,lmphm,JJ & the AFC,108.04,jasonle,Tuten and bootin,79.9,W
2025,14,False,False,jasonle,Tuten and bootin,79.9,lmphm,JJ & the AFC,108.04,L
2025,14,False,False,Abadahh,LANK,83.5,dexclusive,dexclusive,107.84,L
2025,14,False,False,dexclusive,dexclusive,107.84,Abadahh,LANK,83.5,W
2025,15,True,False,keveezy,Fly cant mosquito ,159.28,PutItOnYa,PutItOnYa,137.62,W
2025,15,True,False,PutItOnYa,PutItOnYa,137.62,keveezy,Fly cant mosquito ,159.28,L
2025,15,True,True,donblood,Pickens Noses Diggs Asses,86.26,Abadahh,LANK,137.14,L
2025,15,True,True,Abadahh,LANK,137.14,donblood,Pickens Noses Diggs Asses,86.26,W
2025,15,True,True,lmphm,JJ & the AFC,107.62,jasonle,Tuten and bootin,68.0,W
2025,15,True,True,jasonle,Tuten and bootin,68.0,lmphm,JJ & the AFC,107.62,L
2025,15,True,False,yckyb,yckyb,151.2,dexclusive,dexclusive,119.66,W
2025,15,True,False,dexclusive,dexclusive,119.66,yckyb,yckyb,151.2,L
2025,16,True,False,keveezy,Fly cant mosquito ,105.28,anth0nyng,Honeymoon Fund 2026,148.3,L
2025,16,True,False,anth0nyng,Honeymoon Fund 2026,148.3,keveezy,Fly cant mosquito ,105.28,W
2025,16,True,True,donblood,Pickens Noses Diggs Asses,97.1,jasonle,Tuten and bootin,112.1,L
2025,16,True,True,jasonle,Tuten and bootin,112.1,donblood,Pickens Noses Diggs Asses,97.1,W
2025,16,True,True,lmphm,JJ & the AFC,69.1,Abadahh,LANK,101.72,L
2025,16,True,True,Abadahh,LANK,101.72,lmphm,JJ & the AFC,69.1,W
2025,16,True,False,yckyb,yckyb,175.06,jigri,jigri,181.9,L
2025,16,True,False,jigri,jigri,181.9,yckyb,yckyb,175.06,W
2025,16,True,False,dexclusive,dexclusive,114.56,PutItOnYa,PutItOnYa,121.88,L
2025,16,True,False,PutItOnYa,PutItOnYa,121.88,dexclusive,dexclusive,114.56,W
2025,17,True,False,keveezy,Fly cant mosquito ,69.58,yckyb,yckyb,143.3,L
2025,17,True,False,yckyb,yckyb,143.3,keveezy,Fly cant mosquito ,69.58,W
2025,17,True,False,anth0nyng,Honeymoon Fund 2026,166.74,jigri,jigri,143.64,W
2025,17,True,False,jigri,jigri,143.64,anth0nyng,Honeymoon Fund 2026,166.74,L
